[] - [] - [] Starting MfMp63WebApplication using Java 21.0.4 with PID 9236 (D:\addlnUtils\mf-pos-impl\morefun-pos-implementation\build\classes\java\main started by Raghavendra in D:\addlnUtils\mf-pos-impl\morefun-pos-implementation)
[] - [] - [] No active profile set, falling back to 1 default profile: "default"
[] - [] - [] Tomcat initialized with port 8897 (http)
[] - [] - [] Initializing ProtocolHandler ["http-nio-8897"]
[] - [] - [] Starting service [Tomcat]
[] - [] - [] Starting Servlet engine: [Apache Tomcat/10.1.26]
[] - [] - [] Initializing Spring embedded WebApplicationContext
[] - [] - [] Root WebApplicationContext: initialization completed in 3548 ms
[] - [] - [] Exposing 15 endpoints beneath base path '/actuator'
[] - [] - [] Starting ProtocolHandler ["http-nio-8897"]
[] - [] - [] Tomcat started on port 8897 (http) with context path '/mp63'
[] - [] - [] Started MfMp63WebApplication in 8.174 seconds (process running for 9.637)
[] - [] - [] Initializing Spring DispatcherServlet 'dispatcherServlet'
[] - [] - [] Initializing Servlet 'dispatcherServlet'
[] - [] - [] Completed initialization in 0 ms
[] - [] - [] Starting MfMp63WebApplication using Java 21.0.4 with PID 15472 (D:\addlnUtils\mf-pos-impl\morefun-pos-implementation\build\classes\java\main started by Raghavendra in D:\addlnUtils\mf-pos-impl\morefun-pos-implementation)
[] - [] - [] No active profile set, falling back to 1 default profile: "default"
[] - [] - [] Tomcat initialized with port 8897 (http)
[] - [] - [] Initializing ProtocolHandler ["http-nio-8897"]
[] - [] - [] Starting service [Tomcat]
[] - [] - [] Starting Servlet engine: [Apache Tomcat/10.1.26]
[] - [] - [] Initializing Spring embedded WebApplicationContext
[] - [] - [] Root WebApplicationContext: initialization completed in 2789 ms
[] - [] - [] Exposing 15 endpoints beneath base path '/actuator'
[] - [] - [] Starting ProtocolHandler ["http-nio-8897"]
[] - [] - [] Tomcat started on port 8897 (http) with context path '/mp63'
[] - [] - [] Started MfMp63WebApplication in 5.919 seconds (process running for 6.418)
[] - [] - [] Initializing Spring DispatcherServlet 'dispatcherServlet'
[] - [] - [] Initializing Servlet 'dispatcherServlet'
[] - [] - [] Completed initialization in 2 ms
[] - [] - [] Starting MfMp63WebApplication using Java 21.0.4 with PID 3328 (D:\addlnUtils\mf-pos-impl\morefun-pos-implementation\build\classes\java\main started by Raghavendra in D:\addlnUtils\mf-pos-impl\morefun-pos-implementation)
[] - [] - [] No active profile set, falling back to 1 default profile: "default"
[] - [] - [] Tomcat initialized with port 8897 (http)
[] - [] - [] Initializing ProtocolHandler ["http-nio-8897"]
[] - [] - [] Starting service [Tomcat]
[] - [] - [] Starting Servlet engine: [Apache Tomcat/10.1.26]
[] - [] - [] Initializing Spring embedded WebApplicationContext
[] - [] - [] Root WebApplicationContext: initialization completed in 3320 ms
[] - [] - [] Exposing 15 endpoints beneath base path '/actuator'
[] - [] - [] Starting ProtocolHandler ["http-nio-8897"]
[] - [] - [] Tomcat started on port 8897 (http) with context path '/mp63'
[] - [] - [] Started MfMp63WebApplication in 6.308 seconds (process running for 9.821)
[] - [] - [] Initializing Spring DispatcherServlet 'dispatcherServlet'
[] - [] - [] Initializing Servlet 'dispatcherServlet'
[] - [] - [] Completed initialization in 0 ms
[] - [] - [] Starting MfMp63WebApplication using Java 21.0.4 with PID 19472 (D:\addlnUtils\mf-pos-impl\morefun-pos-implementation\build\classes\java\main started by Raghavendra in D:\addlnUtils\mf-pos-impl\morefun-pos-implementation)
[] - [] - [] No active profile set, falling back to 1 default profile: "default"
[] - [] - [] Tomcat initialized with port 8897 (http)
[] - [] - [] Initializing ProtocolHandler ["http-nio-8897"]
[] - [] - [] Starting service [Tomcat]
[] - [] - [] Starting Servlet engine: [Apache Tomcat/10.1.26]
[] - [] - [] Initializing Spring embedded WebApplicationContext
[] - [] - [] Root WebApplicationContext: initialization completed in 1363 ms
[] - [] - [] Exposing 15 endpoints beneath base path '/actuator'
[] - [] - [] Starting ProtocolHandler ["http-nio-8897"]
[] - [] - [] Tomcat started on port 8897 (http) with context path '/mp63'
[] - [] - [] Started MfMp63WebApplication in 3.813 seconds (process running for 4.157)
[] - [] - [] Starting MfMp63WebApplication using Java 21.0.4 with PID 17928 (D:\addlnUtils\mf-pos-impl\morefun-pos-implementation\build\classes\java\main started by Raghavendra in D:\addlnUtils\mf-pos-impl\morefun-pos-implementation)
[] - [] - [] No active profile set, falling back to 1 default profile: "default"
[] - [] - [] Tomcat initialized with port 8897 (http)
[] - [] - [] Initializing ProtocolHandler ["http-nio-8897"]
[] - [] - [] Starting service [Tomcat]
[] - [] - [] Starting Servlet engine: [Apache Tomcat/10.1.26]
[] - [] - [] Initializing Spring embedded WebApplicationContext
[] - [] - [] Root WebApplicationContext: initialization completed in 1482 ms
[] - [] - [] Exposing 15 endpoints beneath base path '/actuator'
[] - [] - [] Starting ProtocolHandler ["http-nio-8897"]
[] - [] - [] Tomcat started on port 8897 (http) with context path '/mp63'
[] - [] - [] Started MfMp63WebApplication in 3.52 seconds (process running for 3.926)
[] - [] - [] Initializing Spring DispatcherServlet 'dispatcherServlet'
[] - [] - [] Initializing Servlet 'dispatcherServlet'
[] - [] - [] Completed initialization in 1 ms
[] - [] - [] Starting MfMp63WebApplication using Java 11.0.29 on MI-20151052625 with PID 11300 (D:\addlnUtils\mf-pos-impl\morefun-pos-implementation\build\classes\java\main started by Raghavendra in D:\addlnUtils\mf-pos-impl\morefun-pos-implementation)
[] - [] - [] No active profile set, falling back to 1 default profile: "default"
[] - [] - [] Tomcat initialized with port(s): 8897 (http)
[] - [] - [] Initializing ProtocolHandler ["http-nio-8897"]
[] - [] - [] Starting service [Tomcat]
[] - [] - [] Starting Servlet engine: [Apache Tomcat/9.0.71]
[] - [] - [] Initializing Spring embedded WebApplicationContext
[] - [] - [] Root WebApplicationContext: initialization completed in 2696 ms
[] - [] - [] Exposing 14 endpoint(s) beneath base path '/actuator'
[] - [] - [] Starting ProtocolHandler ["http-nio-8897"]
[] - [] - [] Tomcat started on port(s): 8897 (http) with context path '/mp63'
[] - [] - [] Started MfMp63WebApplication in 5.196 seconds (JVM running for 5.789)
[] - [] - [] Initializing Spring DispatcherServlet 'dispatcherServlet'
[] - [] - [] Initializing Servlet 'dispatcherServlet'
[] - [] - [] Completed initialization in 3 ms
[] - [] - [] Starting MfMp63WebApplication using Java 11.0.29 on MI-20151052625 with PID 26376 (D:\addlnUtils\mf-pos-impl\morefun-pos-implementation\build\classes\java\main started by Raghavendra in D:\addlnUtils\mf-pos-impl\morefun-pos-implementation)
[] - [] - [] No active profile set, falling back to 1 default profile: "default"
[] - [] - [] Tomcat initialized with port(s): 8897 (http)
[] - [] - [] Initializing ProtocolHandler ["http-nio-8897"]
[] - [] - [] Starting service [Tomcat]
[] - [] - [] Starting Servlet engine: [Apache Tomcat/9.0.71]
[] - [] - [] Initializing Spring embedded WebApplicationContext
[] - [] - [] Root WebApplicationContext: initialization completed in 1673 ms
[] - [] - [] Exposing 14 endpoint(s) beneath base path '/actuator'
[] - [] - [] Starting ProtocolHandler ["http-nio-8897"]
[] - [] - [] Tomcat started on port(s): 8897 (http) with context path '/mp63'
[] - [] - [] Started MfMp63WebApplication in 3.377 seconds (JVM running for 3.808)
[] - [] - [] Initializing Spring DispatcherServlet 'dispatcherServlet'
[] - [] - [] Initializing Servlet 'dispatcherServlet'
[] - [] - [] Completed initialization in 0 ms
[] - [] - [] Starting MfMp63WebApplication using Java 11.0.29 on MI-20151052625 with PID 25560 (D:\addlnUtils\mf-pos-impl\morefun-pos-implementation\build\classes\java\main started by Raghavendra in D:\addlnUtils\mf-pos-impl\morefun-pos-implementation)
[] - [] - [] No active profile set, falling back to 1 default profile: "default"
[] - [] - [] Tomcat initialized with port(s): 8897 (http)
[] - [] - [] Initializing ProtocolHandler ["http-nio-8897"]
[] - [] - [] Starting service [Tomcat]
[] - [] - [] Starting Servlet engine: [Apache Tomcat/9.0.71]
[] - [] - [] Initializing Spring embedded WebApplicationContext
[] - [] - [] Root WebApplicationContext: initialization completed in 2715 ms
[] - [] - [] Exposing 14 endpoint(s) beneath base path '/actuator'
[] - [] - [] Starting ProtocolHandler ["http-nio-8897"]
[] - [] - [] Tomcat started on port(s): 8897 (http) with context path '/mp63'
[] - [] - [] Started MfMp63WebApplication in 5.067 seconds (JVM running for 8.149)
[] - [] - [] Initializing Spring DispatcherServlet 'dispatcherServlet'
[] - [] - [] Initializing Servlet 'dispatcherServlet'
[] - [] - [] Completed initialization in 1 ms
[] - [] - [] Resolved [org.springframework.web.HttpRequestMethodNotSupportedException: Request method 'GET' not supported]
[] - [] - [] Starting MfMp63WebApplication using Java 11.0.29 on MI-20151052625 with PID 23684 (D:\addlnUtils\mf-pos-impl\morefun-pos-implementation\build\classes\java\main started by Raghavendra in D:\addlnUtils\mf-pos-impl\morefun-pos-implementation)
[] - [] - [] No active profile set, falling back to 1 default profile: "default"
[] - [] - [] Tomcat initialized with port(s): 8897 (http)
[] - [] - [] Initializing ProtocolHandler ["http-nio-8897"]
[] - [] - [] Starting service [Tomcat]
[] - [] - [] Starting Servlet engine: [Apache Tomcat/9.0.71]
[] - [] - [] Initializing Spring embedded WebApplicationContext
[] - [] - [] Root WebApplicationContext: initialization completed in 2754 ms
[] - [] - [] Exposing 14 endpoint(s) beneath base path '/actuator'
[] - [] - [] Starting ProtocolHandler ["http-nio-8897"]
[] - [] - [] Tomcat started on port(s): 8897 (http) with context path '/mp63'
[] - [] - [] Started MfMp63WebApplication in 5.276 seconds (JVM running for 5.707)
[] - [] - [] Initializing Spring DispatcherServlet 'dispatcherServlet'
[] - [] - [] Initializing Servlet 'dispatcherServlet'
[] - [] - [] Completed initialization in 0 ms
[] - [] - [] Starting MfMp63WebApplication using Java 11.0.29 on MI-20151052625 with PID 7420 (D:\addlnUtils\mf-pos-impl\morefun-pos-implementation\build\classes\java\main started by Raghavendra in D:\addlnUtils\mf-pos-impl\morefun-pos-implementation)
[] - [] - [] No active profile set, falling back to 1 default profile: "default"
[] - [] - [] Tomcat initialized with port(s): 8897 (http)
[] - [] - [] Initializing ProtocolHandler ["http-nio-8897"]
[] - [] - [] Starting service [Tomcat]
[] - [] - [] Starting Servlet engine: [Apache Tomcat/9.0.71]
[] - [] - [] Initializing Spring embedded WebApplicationContext
[] - [] - [] Root WebApplicationContext: initialization completed in 3196 ms
[] - [] - [] Exposing 14 endpoint(s) beneath base path '/actuator'
[] - [] - [] Starting ProtocolHandler ["http-nio-8897"]
[] - [] - [] Tomcat started on port(s): 8897 (http) with context path '/mp63'
[] - [] - [] Started MfMp63WebApplication in 6.196 seconds (JVM running for 7.103)
[] - [] - [] Initializing Spring DispatcherServlet 'dispatcherServlet'
[] - [] - [] Initializing Servlet 'dispatcherServlet'
[] - [] - [] Completed initialization in 0 ms
[] - [] - [] Starting MfMp63WebApplication using Java 11.0.29 on MI-20151052625 with PID 7324 (D:\addlnUtils\mf-pos-impl\morefun-pos-implementation\build\classes\java\main started by Raghavendra in D:\addlnUtils\mf-pos-impl\morefun-pos-implementation)
[] - [] - [] No active profile set, falling back to 1 default profile: "default"
[] - [] - [] Tomcat initialized with port(s): 8897 (http)
[] - [] - [] Initializing ProtocolHandler ["http-nio-8897"]
[] - [] - [] Starting service [Tomcat]
[] - [] - [] Starting Servlet engine: [Apache Tomcat/9.0.71]
[] - [] - [] Initializing Spring embedded WebApplicationContext
[] - [] - [] Root WebApplicationContext: initialization completed in 3486 ms
[] - [] - [] Exposing 14 endpoint(s) beneath base path '/actuator'
[] - [] - [] Starting ProtocolHandler ["http-nio-8897"]
[] - [] - [] Tomcat started on port(s): 8897 (http) with context path '/mp63'
[] - [] - [] Started MfMp63WebApplication in 6.423 seconds (JVM running for 7.549)
[] - [] - [] Initializing Spring DispatcherServlet 'dispatcherServlet'
[] - [] - [] Initializing Servlet 'dispatcherServlet'
[] - [] - [] Completed initialization in 2 ms
[] - [] - [] Starting MfMp63WebApplication using Java 11.0.29 on MI-20151052625 with PID 9028 (D:\addlnUtils\mf-pos-impl\morefun-pos-implementation\build\classes\java\main started by Raghavendra in D:\addlnUtils\mf-pos-impl\morefun-pos-implementation)
[] - [] - [] No active profile set, falling back to 1 default profile: "default"
[] - [] - [] Tomcat initialized with port(s): 8897 (http)
[] - [] - [] Initializing ProtocolHandler ["http-nio-8897"]
[] - [] - [] Starting service [Tomcat]
[] - [] - [] Starting Servlet engine: [Apache Tomcat/9.0.71]
[] - [] - [] Initializing Spring embedded WebApplicationContext
[] - [] - [] Root WebApplicationContext: initialization completed in 4299 ms
[] - [] - [] Exposing 14 endpoint(s) beneath base path '/actuator'
[] - [] - [] Starting ProtocolHandler ["http-nio-8897"]
[] - [] - [] Tomcat started on port(s): 8897 (http) with context path '/mp63'
[] - [] - [] Started MfMp63WebApplication in 8.362 seconds (JVM running for 9.945)
[] - [] - [] Initializing Spring DispatcherServlet 'dispatcherServlet'
[] - [] - [] Initializing Servlet 'dispatcherServlet'
[] - [] - [] Completed initialization in 0 ms
[] - [] - [] Starting MfMp63WebApplication using Java 11.0.29 on MI-20151052625 with PID 2548 (D:\addlnUtils\mf-pos-impl\morefun-pos-implementation\build\classes\java\main started by Raghavendra in D:\addlnUtils\mf-pos-impl\morefun-pos-implementation)
[] - [] - [] No active profile set, falling back to 1 default profile: "default"
[] - [] - [] Tomcat initialized with port(s): 8897 (http)
[] - [] - [] Initializing ProtocolHandler ["http-nio-8897"]
[] - [] - [] Starting service [Tomcat]
[] - [] - [] Starting Servlet engine: [Apache Tomcat/9.0.71]
[] - [] - [] Initializing Spring embedded WebApplicationContext
[] - [] - [] Root WebApplicationContext: initialization completed in 1376 ms
[] - [] - [] Exposing 14 endpoint(s) beneath base path '/actuator'
[] - [] - [] Starting ProtocolHandler ["http-nio-8897"]
[] - [] - [] Tomcat started on port(s): 8897 (http) with context path '/mp63'
[] - [] - [] Started MfMp63WebApplication in 2.745 seconds (JVM running for 3.055)
[] - [] - [] Initializing Spring DispatcherServlet 'dispatcherServlet'
[] - [] - [] Initializing Servlet 'dispatcherServlet'
[] - [] - [] Completed initialization in 1 ms
[] - [] - [] Starting MfMp63WebApplication using Java 11.0.29 on MI-20151052625 with PID 6960 (D:\addlnUtils\mf-pos-impl\morefun-pos-implementation\build\classes\java\main started by Raghavendra in D:\addlnUtils\mf-pos-impl\morefun-pos-implementation)
[] - [] - [] No active profile set, falling back to 1 default profile: "default"
[] - [] - [] Tomcat initialized with port(s): 8897 (http)
[] - [] - [] Initializing ProtocolHandler ["http-nio-8897"]
[] - [] - [] Starting service [Tomcat]
[] - [] - [] Starting Servlet engine: [Apache Tomcat/9.0.71]
[] - [] - [] Initializing Spring embedded WebApplicationContext
[] - [] - [] Root WebApplicationContext: initialization completed in 3809 ms
[] - [] - [] Exposing 14 endpoint(s) beneath base path '/actuator'
[] - [] - [] Starting ProtocolHandler ["http-nio-8897"]
[] - [] - [] Tomcat started on port(s): 8897 (http) with context path '/mp63'
[] - [] - [] Started MfMp63WebApplication in 6.806 seconds (JVM running for 7.53)
[] - [] - [] Initializing Spring DispatcherServlet 'dispatcherServlet'
[] - [] - [] Initializing Servlet 'dispatcherServlet'
[] - [] - [] Completed initialization in 7 ms
[] - [] - [] Starting MfMp63WebApplication using Java 11.0.29 on MI-20151052625 with PID 18104 (D:\addlnUtils\mf-pos-impl\morefun-pos-implementation\build\classes\java\main started by Raghavendra in D:\addlnUtils\mf-pos-impl\morefun-pos-implementation)
[] - [] - [] No active profile set, falling back to 1 default profile: "default"
[] - [] - [] Tomcat initialized with port(s): 8897 (http)
[] - [] - [] Initializing ProtocolHandler ["http-nio-8897"]
[] - [] - [] Starting service [Tomcat]
[] - [] - [] Starting Servlet engine: [Apache Tomcat/9.0.71]
[] - [] - [] Initializing Spring embedded WebApplicationContext
[] - [] - [] Root WebApplicationContext: initialization completed in 2828 ms
[] - [] - [] Exposing 14 endpoint(s) beneath base path '/actuator'
[] - [] - [] Starting ProtocolHandler ["http-nio-8897"]
[] - [] - [] Tomcat started on port(s): 8897 (http) with context path '/mp63'
[] - [] - [] Started MfMp63WebApplication in 5.639 seconds (JVM running for 6.259)
[] - [] - [] Initializing Spring DispatcherServlet 'dispatcherServlet'
[] - [] - [] Initializing Servlet 'dispatcherServlet'
[] - [] - [] Completed initialization in 2 ms
[] - [] - [] Starting MfMp63WebApplication using Java 11.0.29 on MI-20151052625 with PID 6636 (D:\addlnUtils\mf-pos-impl\morefun-pos-implementation\build\classes\java\main started by Raghavendra in D:\addlnUtils\mf-pos-impl\morefun-pos-implementation)
[] - [] - [] No active profile set, falling back to 1 default profile: "default"
[] - [] - [] Tomcat initialized with port(s): 8897 (http)
[] - [] - [] Initializing ProtocolHandler ["http-nio-8897"]
[] - [] - [] Starting service [Tomcat]
[] - [] - [] Starting Servlet engine: [Apache Tomcat/9.0.71]
[] - [] - [] Initializing Spring embedded WebApplicationContext
[] - [] - [] Root WebApplicationContext: initialization completed in 2345 ms
[] - [] - [] Exposing 14 endpoint(s) beneath base path '/actuator'
[] - [] - [] Starting ProtocolHandler ["http-nio-8897"]
[] - [] - [] Tomcat started on port(s): 8897 (http) with context path '/mp63'
[] - [] - [] Started MfMp63WebApplication in 4.718 seconds (JVM running for 5.077)
[] - [] - [] Initializing Spring DispatcherServlet 'dispatcherServlet'
[] - [] - [] Initializing Servlet 'dispatcherServlet'
[] - [] - [] Completed initialization in 0 ms
[] - [] - [] Starting MfMp63WebApplication using Java 11.0.29 on MI-20151052625 with PID 21196 (D:\addlnUtils\mf-pos-impl\morefun-pos-implementation\build\classes\java\main started by Raghavendra in D:\addlnUtils\mf-pos-impl\morefun-pos-implementation)
[] - [] - [] No active profile set, falling back to 1 default profile: "default"
[] - [] - [] Tomcat initialized with port(s): 8897 (http)
[] - [] - [] Initializing ProtocolHandler ["http-nio-8897"]
[] - [] - [] Starting service [Tomcat]
[] - [] - [] Starting Servlet engine: [Apache Tomcat/9.0.71]
[] - [] - [] Initializing Spring embedded WebApplicationContext
[] - [] - [] Root WebApplicationContext: initialization completed in 1826 ms
[] - [] - [] Exposing 14 endpoint(s) beneath base path '/actuator'
[] - [] - [] Starting ProtocolHandler ["http-nio-8897"]
[] - [] - [] Tomcat started on port(s): 8897 (http) with context path '/mp63'
[] - [] - [] Started MfMp63WebApplication in 4.181 seconds (JVM running for 4.558)
[] - [] - [] Initializing Spring DispatcherServlet 'dispatcherServlet'
[] - [] - [] Initializing Servlet 'dispatcherServlet'
[] - [] - [] Completed initialization in 9 ms
[] - [] - [] Resolved [org.springframework.http.converter.HttpMessageNotReadableException: JSON parse error: Numeric value (6000) out of range of Java byte; nested exception is com.fasterxml.jackson.databind.JsonMappingException: Numeric value (6000) out of range of Java byte<EOL> at [Source: (org.springframework.util.StreamUtils$NonClosingInputStream); line: 1, column: 20] (through reference chain: model.ReadCardModel["cardTimeout"])]
[] - [] - [] Resolved [org.springframework.http.converter.HttpMessageNotReadableException: JSON parse error: Numeric value (600) out of range of Java byte; nested exception is com.fasterxml.jackson.databind.JsonMappingException: Numeric value (600) out of range of Java byte<EOL> at [Source: (org.springframework.util.StreamUtils$NonClosingInputStream); line: 1, column: 19] (through reference chain: model.ReadCardModel["cardTimeout"])]
[] - [] - [] Starting MfMp63WebApplication using Java 11.0.29 on MI-20151052625 with PID 18424 (D:\addlnUtils\mf-pos-impl\morefun-pos-implementation\build\classes\java\main started by Raghavendra in D:\addlnUtils\mf-pos-impl\morefun-pos-implementation)
[] - [] - [] No active profile set, falling back to 1 default profile: "default"
[] - [] - [] Tomcat initialized with port(s): 8897 (http)
[] - [] - [] Initializing ProtocolHandler ["http-nio-8897"]
[] - [] - [] Starting service [Tomcat]
[] - [] - [] Starting Servlet engine: [Apache Tomcat/9.0.71]
[] - [] - [] Initializing Spring embedded WebApplicationContext
[] - [] - [] Root WebApplicationContext: initialization completed in 1751 ms
[] - [] - [] Exposing 14 endpoint(s) beneath base path '/actuator'
[] - [] - [] Starting ProtocolHandler ["http-nio-8897"]
[] - [] - [] Tomcat started on port(s): 8897 (http) with context path '/mp63'
[] - [] - [] Started MfMp63WebApplication in 3.381 seconds (JVM running for 3.736)
[] - [] - [] Initializing Spring DispatcherServlet 'dispatcherServlet'
[] - [] - [] Initializing Servlet 'dispatcherServlet'
[] - [] - [] Completed initialization in 8 ms
[] - [] - [] Starting MfMp63WebApplication using Java 11.0.29 on MI-20151052625 with PID 18624 (D:\addlnUtils\mf-pos-impl\morefun-pos-implementation\build\classes\java\main started by Raghavendra in D:\addlnUtils\mf-pos-impl\morefun-pos-implementation)
[] - [] - [] No active profile set, falling back to 1 default profile: "default"
[] - [] - [] Tomcat initialized with port(s): 8897 (http)
[] - [] - [] Initializing ProtocolHandler ["http-nio-8897"]
[] - [] - [] Starting service [Tomcat]
[] - [] - [] Starting Servlet engine: [Apache Tomcat/9.0.71]
[] - [] - [] Initializing Spring embedded WebApplicationContext
[] - [] - [] Root WebApplicationContext: initialization completed in 1670 ms
[] - [] - [] Exposing 14 endpoint(s) beneath base path '/actuator'
[] - [] - [] Starting ProtocolHandler ["http-nio-8897"]
[] - [] - [] Tomcat started on port(s): 8897 (http) with context path '/mp63'
[] - [] - [] Started MfMp63WebApplication in 3.299 seconds (JVM running for 3.702)
[] - [] - [] Initializing Spring DispatcherServlet 'dispatcherServlet'
[] - [] - [] Initializing Servlet 'dispatcherServlet'
[] - [] - [] Completed initialization in 0 ms
[] - [] - [] Starting MfMp63WebApplication using Java 11.0.29 on MI-20151052625 with PID 5660 (D:\addlnUtils\mf-pos-impl\morefun-pos-implementation\build\classes\java\main started by Raghavendra in D:\addlnUtils\mf-pos-impl\morefun-pos-implementation)
[] - [] - [] No active profile set, falling back to 1 default profile: "default"
[] - [] - [] Tomcat initialized with port(s): 8897 (http)
[] - [] - [] Initializing ProtocolHandler ["http-nio-8897"]
[] - [] - [] Starting service [Tomcat]
[] - [] - [] Starting Servlet engine: [Apache Tomcat/9.0.71]
[] - [] - [] Initializing Spring embedded WebApplicationContext
[] - [] - [] Root WebApplicationContext: initialization completed in 1668 ms
[] - [] - [] Exposing 14 endpoint(s) beneath base path '/actuator'
[] - [] - [] Starting ProtocolHandler ["http-nio-8897"]
[] - [] - [] Tomcat started on port(s): 8897 (http) with context path '/mp63'
[] - [] - [] Started MfMp63WebApplication in 3.315 seconds (JVM running for 3.671)
[] - [] - [] Initializing Spring DispatcherServlet 'dispatcherServlet'
[] - [] - [] Initializing Servlet 'dispatcherServlet'
[] - [] - [] Completed initialization in 0 ms
[] - [] - [] Starting MfMp63WebApplication using Java 11.0.29 on MI-20151052625 with PID 6688 (D:\addlnUtils\mf-pos-impl\morefun-pos-implementation\build\classes\java\main started by Raghavendra in D:\addlnUtils\mf-pos-impl\morefun-pos-implementation)
[] - [] - [] No active profile set, falling back to 1 default profile: "default"
[] - [] - [] Tomcat initialized with port(s): 8897 (http)
[] - [] - [] Initializing ProtocolHandler ["http-nio-8897"]
[] - [] - [] Starting service [Tomcat]
[] - [] - [] Starting Servlet engine: [Apache Tomcat/9.0.71]
[] - [] - [] Initializing Spring embedded WebApplicationContext
[] - [] - [] Root WebApplicationContext: initialization completed in 2679 ms
[] - [] - [] Exposing 14 endpoint(s) beneath base path '/actuator'
[] - [] - [] Starting ProtocolHandler ["http-nio-8897"]
[] - [] - [] Tomcat started on port(s): 8897 (http) with context path '/mp63'
[] - [] - [] Started MfMp63WebApplication in 5.374 seconds (JVM running for 6.04)
[] - [] - [] Initializing Spring DispatcherServlet 'dispatcherServlet'
[] - [] - [] Initializing Servlet 'dispatcherServlet'
[] - [] - [] Completed initialization in 2 ms
[] - [] - [] Starting MfMp63WebApplication using Java 11.0.29 on MI-20151052625 with PID 21044 (D:\addlnUtils\mf-pos-impl\morefun-pos-implementation\build\classes\java\main started by Raghavendra in D:\addlnUtils\mf-pos-impl\morefun-pos-implementation)
[] - [] - [] No active profile set, falling back to 1 default profile: "default"
[] - [] - [] Tomcat initialized with port(s): 8897 (http)
[] - [] - [] Initializing ProtocolHandler ["http-nio-8897"]
[] - [] - [] Starting service [Tomcat]
[] - [] - [] Starting Servlet engine: [Apache Tomcat/9.0.71]
[] - [] - [] Initializing Spring embedded WebApplicationContext
[] - [] - [] Root WebApplicationContext: initialization completed in 1641 ms
[] - [] - [] Exposing 14 endpoint(s) beneath base path '/actuator'
[] - [] - [] Starting ProtocolHandler ["http-nio-8897"]
[] - [] - [] Tomcat started on port(s): 8897 (http) with context path '/mp63'
[] - [] - [] Started MfMp63WebApplication in 3.316 seconds (JVM running for 3.661)
[] - [] - [] Initializing Spring DispatcherServlet 'dispatcherServlet'
[] - [] - [] Initializing Servlet 'dispatcherServlet'
[] - [] - [] Completed initialization in 0 ms
[] - [] - [] Starting MfMp63WebApplication using Java 11.0.29 on MI-20151052625 with PID 9452 (D:\addlnUtils\mf-pos-impl\morefun-pos-implementation\build\classes\java\main started by Raghavendra in D:\addlnUtils\mf-pos-impl\morefun-pos-implementation)
[] - [] - [] No active profile set, falling back to 1 default profile: "default"
[] - [] - [] Tomcat initialized with port(s): 8897 (http)
[] - [] - [] Initializing ProtocolHandler ["http-nio-8897"]
[] - [] - [] Starting service [Tomcat]
[] - [] - [] Starting Servlet engine: [Apache Tomcat/9.0.71]
[] - [] - [] Initializing Spring embedded WebApplicationContext
[] - [] - [] Root WebApplicationContext: initialization completed in 1488 ms
[] - [] - [] Exposing 14 endpoint(s) beneath base path '/actuator'
[] - [] - [] Starting ProtocolHandler ["http-nio-8897"]
[] - [] - [] Tomcat started on port(s): 8897 (http) with context path '/mp63'
[] - [] - [] Started MfMp63WebApplication in 3.411 seconds (JVM running for 11.216)
[] - [] - [] Initializing Spring DispatcherServlet 'dispatcherServlet'
[] - [] - [] Initializing Servlet 'dispatcherServlet'
[] - [] - [] Completed initialization in 2 ms
[] - [] - [] Starting MfMp63WebApplication using Java 11.0.29 on MI-20151052625 with PID 8964 (D:\addlnUtils\mf-pos-impl\morefun-pos-implementation\build\classes\java\main started by Raghavendra in D:\addlnUtils\mf-pos-impl\morefun-pos-implementation)
[] - [] - [] No active profile set, falling back to 1 default profile: "default"
[] - [] - [] Tomcat initialized with port(s): 8897 (http)
[] - [] - [] Initializing ProtocolHandler ["http-nio-8897"]
[] - [] - [] Starting service [Tomcat]
[] - [] - [] Starting Servlet engine: [Apache Tomcat/9.0.71]
[] - [] - [] Initializing Spring embedded WebApplicationContext
[] - [] - [] Root WebApplicationContext: initialization completed in 1348 ms
[] - [] - [] Exposing 14 endpoint(s) beneath base path '/actuator'
[] - [] - [] Starting ProtocolHandler ["http-nio-8897"]
[] - [] - [] Tomcat started on port(s): 8897 (http) with context path '/mp63'
[] - [] - [] Started MfMp63WebApplication in 2.793 seconds (JVM running for 3.118)
[] - [] - [] Initializing Spring DispatcherServlet 'dispatcherServlet'
[] - [] - [] Initializing Servlet 'dispatcherServlet'
[] - [] - [] Completed initialization in 1 ms
[] - [] - [] Starting MfMp63WebApplication using Java 11.0.29 on MI-20151052625 with PID 17508 (D:\addlnUtils\mf-pos-impl\morefun-pos-implementation\build\classes\java\main started by Raghavendra in D:\addlnUtils\mf-pos-impl\morefun-pos-implementation)
[] - [] - [] No active profile set, falling back to 1 default profile: "default"
[] - [] - [] Tomcat initialized with port(s): 8897 (http)
[] - [] - [] Initializing ProtocolHandler ["http-nio-8897"]
[] - [] - [] Starting service [Tomcat]
[] - [] - [] Starting Servlet engine: [Apache Tomcat/9.0.71]
[] - [] - [] Initializing Spring embedded WebApplicationContext
[] - [] - [] Root WebApplicationContext: initialization completed in 1353 ms
[] - [] - [] Exposing 14 endpoint(s) beneath base path '/actuator'
[] - [] - [] Starting ProtocolHandler ["http-nio-8897"]
[] - [] - [] Tomcat started on port(s): 8897 (http) with context path '/mp63'
[] - [] - [] Started MfMp63WebApplication in 2.804 seconds (JVM running for 3.12)
[] - [] - [] Initializing Spring DispatcherServlet 'dispatcherServlet'
[] - [] - [] Initializing Servlet 'dispatcherServlet'
[] - [] - [] Completed initialization in 3 ms
[] - [] - [] Starting MfMp63WebApplication using Java 11.0.29 on MI-20151052625 with PID 6528 (D:\addlnUtils\mf-pos-impl\morefun-pos-implementation\build\classes\java\main started by Raghavendra in D:\addlnUtils\mf-pos-impl\morefun-pos-implementation)
[] - [] - [] No active profile set, falling back to 1 default profile: "default"
[] - [] - [] Tomcat initialized with port(s): 8897 (http)
[] - [] - [] Initializing ProtocolHandler ["http-nio-8897"]
[] - [] - [] Starting service [Tomcat]
[] - [] - [] Starting Servlet engine: [Apache Tomcat/9.0.71]
[] - [] - [] Initializing Spring embedded WebApplicationContext
[] - [] - [] Root WebApplicationContext: initialization completed in 2301 ms
[] - [] - [] Exposing 14 endpoint(s) beneath base path '/actuator'
[] - [] - [] Starting ProtocolHandler ["http-nio-8897"]
[] - [] - [] Tomcat started on port(s): 8897 (http) with context path '/mp63'
[] - [] - [] Started MfMp63WebApplication in 4.456 seconds (JVM running for 4.969)
[] - [] - [] Initializing Spring DispatcherServlet 'dispatcherServlet'
[] - [] - [] Initializing Servlet 'dispatcherServlet'
[] - [] - [] Completed initialization in 0 ms
[] - [] - [] Starting MfMp63WebApplication using Java 11.0.29 on MI-20151052625 with PID 19740 (D:\addlnUtils\mf-pos-impl\morefun-pos-implementation\build\classes\java\main started by Raghavendra in D:\addlnUtils\mf-pos-impl\morefun-pos-implementation)
[] - [] - [] No active profile set, falling back to 1 default profile: "default"
[] - [] - [] Tomcat initialized with port(s): 8897 (http)
[] - [] - [] Initializing ProtocolHandler ["http-nio-8897"]
[] - [] - [] Starting service [Tomcat]
[] - [] - [] Starting Servlet engine: [Apache Tomcat/9.0.71]
[] - [] - [] Initializing Spring embedded WebApplicationContext
[] - [] - [] Root WebApplicationContext: initialization completed in 2043 ms
[] - [] - [] Exposing 14 endpoint(s) beneath base path '/actuator'
[] - [] - [] Starting ProtocolHandler ["http-nio-8897"]
[] - [] - [] Tomcat started on port(s): 8897 (http) with context path '/mp63'
[] - [] - [] Started MfMp63WebApplication in 4.041 seconds (JVM running for 4.781)
[] - [] - [] Initializing Spring DispatcherServlet 'dispatcherServlet'
[] - [] - [] Initializing Servlet 'dispatcherServlet'
[] - [] - [] Completed initialization in 0 ms
[] - [] - [] Starting MfMp63WebApplication using Java 11.0.29 on MI-20151052625 with PID 18044 (D:\addlnUtils\mf-pos-impl\morefun-pos-implementation\build\classes\java\main started by Raghavendra in D:\addlnUtils\mf-pos-impl\morefun-pos-implementation)
[] - [] - [] No active profile set, falling back to 1 default profile: "default"
[] - [] - [] Tomcat initialized with port(s): 8897 (http)
[] - [] - [] Initializing ProtocolHandler ["http-nio-8897"]
[] - [] - [] Starting service [Tomcat]
[] - [] - [] Starting Servlet engine: [Apache Tomcat/9.0.71]
[] - [] - [] Initializing Spring embedded WebApplicationContext
[] - [] - [] Root WebApplicationContext: initialization completed in 3645 ms
[] - [] - [] Exposing 14 endpoint(s) beneath base path '/actuator'
[] - [] - [] Starting ProtocolHandler ["http-nio-8897"]
[] - [] - [] Tomcat started on port(s): 8897 (http) with context path '/mp63'
[] - [] - [] Started MfMp63WebApplication in 6.665 seconds (JVM running for 7.485)
[] - [] - [] Initializing Spring DispatcherServlet 'dispatcherServlet'
[] - [] - [] Initializing Servlet 'dispatcherServlet'
[] - [] - [] Completed initialization in 2 ms
[] - [] - [] Starting MfMp63WebApplication using Java 11.0.29 on MI-20151052625 with PID 1344 (D:\addlnUtils\mf-pos-impl\morefun-pos-implementation\build\classes\java\main started by Raghavendra in D:\addlnUtils\mf-pos-impl\morefun-pos-implementation)
[] - [] - [] No active profile set, falling back to 1 default profile: "default"
[] - [] - [] Tomcat initialized with port(s): 8897 (http)
[] - [] - [] Initializing ProtocolHandler ["http-nio-8897"]
[] - [] - [] Starting service [Tomcat]
[] - [] - [] Starting Servlet engine: [Apache Tomcat/9.0.71]
[] - [] - [] Initializing Spring embedded WebApplicationContext
[] - [] - [] Root WebApplicationContext: initialization completed in 2317 ms
[] - [] - [] Exposing 14 endpoint(s) beneath base path '/actuator'
[] - [] - [] Starting ProtocolHandler ["http-nio-8897"]
[] - [] - [] Tomcat started on port(s): 8897 (http) with context path '/mp63'
[] - [] - [] Started MfMp63WebApplication in 4.521 seconds (JVM running for 5.035)
[] - [] - [] Initializing Spring DispatcherServlet 'dispatcherServlet'
[] - [] - [] Initializing Servlet 'dispatcherServlet'
[] - [] - [] Completed initialization in 1 ms
[] - [] - [] Starting MfMp63WebApplication using Java 11.0.29 on MI-20151052625 with PID 7776 (D:\addlnUtils\mf-pos-impl\morefun-pos-implementation\build\classes\java\main started by Raghavendra in D:\addlnUtils\mf-pos-impl\morefun-pos-implementation)
[] - [] - [] No active profile set, falling back to 1 default profile: "default"
[] - [] - [] Tomcat initialized with port(s): 8897 (http)
[] - [] - [] Initializing ProtocolHandler ["http-nio-8897"]
[] - [] - [] Starting service [Tomcat]
[] - [] - [] Starting Servlet engine: [Apache Tomcat/9.0.71]
[] - [] - [] Initializing Spring embedded WebApplicationContext
[] - [] - [] Root WebApplicationContext: initialization completed in 1683 ms
[] - [] - [] Exposing 14 endpoint(s) beneath base path '/actuator'
[] - [] - [] Starting ProtocolHandler ["http-nio-8897"]
[] - [] - [] Tomcat started on port(s): 8897 (http) with context path '/mp63'
[] - [] - [] Started MfMp63WebApplication in 3.55 seconds (JVM running for 3.923)
[] - [] - [] Initializing Spring DispatcherServlet 'dispatcherServlet'
[] - [] - [] Initializing Servlet 'dispatcherServlet'
[] - [] - [] Completed initialization in 0 ms
[] - [] - [] Starting MfMp63WebApplication using Java 11.0.29 on MI-20151052625 with PID 1224 (D:\addlnUtils\mf-pos-impl\morefun-pos-implementation\build\classes\java\main started by Raghavendra in D:\addlnUtils\mf-pos-impl\morefun-pos-implementation)
[] - [] - [] No active profile set, falling back to 1 default profile: "default"
[] - [] - [] Tomcat initialized with port(s): 8897 (http)
[] - [] - [] Initializing ProtocolHandler ["http-nio-8897"]
[] - [] - [] Starting service [Tomcat]
[] - [] - [] Starting Servlet engine: [Apache Tomcat/9.0.71]
[] - [] - [] Initializing Spring embedded WebApplicationContext
[] - [] - [] Root WebApplicationContext: initialization completed in 1825 ms
[] - [] - [] Exposing 14 endpoint(s) beneath base path '/actuator'
[] - [] - [] Starting ProtocolHandler ["http-nio-8897"]
[] - [] - [] Tomcat started on port(s): 8897 (http) with context path '/mp63'
[] - [] - [] Started MfMp63WebApplication in 3.639 seconds (JVM running for 3.992)
[] - [] - [] Initializing Spring DispatcherServlet 'dispatcherServlet'
[] - [] - [] Initializing Servlet 'dispatcherServlet'
[] - [] - [] Completed initialization in 2 ms
[] - [] - [] Initiating Card Transaction
[] - [] - [] Servlet.service() for servlet [dispatcherServlet] in context with path [/mp63] threw exception [Request processing failed; nested exception is java.lang.NullPointerException] with root cause
java.lang.NullPointerException: null
	at java.base/java.lang.String.<init>(String.java:614)
	at com.mf.mp63.DeviceHelper.loadKek(DeviceHelper.java:433)
	at com.mf.mp63.service.CardServiceImpl.injectKeys(CardServiceImpl.java:403)
	at com.mf.mp63.service.CardServiceImpl.startTransaction(CardServiceImpl.java:110)
	at com.mf.mp63.controler.CardController.startTransaction(CardController.java:64)
	at java.base/jdk.internal.reflect.NativeMethodAccessorImpl.invoke0(Native Method)
	at java.base/jdk.internal.reflect.NativeMethodAccessorImpl.invoke(NativeMethodAccessorImpl.java:62)
	at java.base/jdk.internal.reflect.DelegatingMethodAccessorImpl.invoke(DelegatingMethodAccessorImpl.java:43)
	at java.base/java.lang.reflect.Method.invoke(Method.java:566)
	at org.springframework.web.method.support.InvocableHandlerMethod.doInvoke(InvocableHandlerMethod.java:205)
	at org.springframework.web.method.support.InvocableHandlerMethod.invokeForRequest(InvocableHandlerMethod.java:150)
	at org.springframework.web.servlet.mvc.method.annotation.ServletInvocableHandlerMethod.invokeAndHandle(ServletInvocableHandlerMethod.java:117)
	at org.springframework.web.servlet.mvc.method.annotation.RequestMappingHandlerAdapter.invokeHandlerMethod(RequestMappingHandlerAdapter.java:895)
	at org.springframework.web.servlet.mvc.method.annotation.RequestMappingHandlerAdapter.handleInternal(RequestMappingHandlerAdapter.java:808)
	at org.springframework.web.servlet.mvc.method.AbstractHandlerMethodAdapter.handle(AbstractHandlerMethodAdapter.java:87)
	at org.springframework.web.servlet.DispatcherServlet.doDispatch(DispatcherServlet.java:1071)
	at org.springframework.web.servlet.DispatcherServlet.doService(DispatcherServlet.java:964)
	at org.springframework.web.servlet.FrameworkServlet.processRequest(FrameworkServlet.java:1006)
	at org.springframework.web.servlet.FrameworkServlet.doPost(FrameworkServlet.java:909)
	at javax.servlet.http.HttpServlet.service(HttpServlet.java:696)
	at org.springframework.web.servlet.FrameworkServlet.service(FrameworkServlet.java:883)
	at javax.servlet.http.HttpServlet.service(HttpServlet.java:779)
	at org.apache.catalina.core.ApplicationFilterChain.internalDoFilter(ApplicationFilterChain.java:227)
	at org.apache.catalina.core.ApplicationFilterChain.doFilter(ApplicationFilterChain.java:162)
	at org.apache.tomcat.websocket.server.WsFilter.doFilter(WsFilter.java:53)
	at org.apache.catalina.core.ApplicationFilterChain.internalDoFilter(ApplicationFilterChain.java:189)
	at org.apache.catalina.core.ApplicationFilterChain.doFilter(ApplicationFilterChain.java:162)
	at org.springframework.web.filter.RequestContextFilter.doFilterInternal(RequestContextFilter.java:100)
	at org.springframework.web.filter.OncePerRequestFilter.doFilter(OncePerRequestFilter.java:117)
	at org.apache.catalina.core.ApplicationFilterChain.internalDoFilter(ApplicationFilterChain.java:189)
	at org.apache.catalina.core.ApplicationFilterChain.doFilter(ApplicationFilterChain.java:162)
	at org.springframework.web.filter.FormContentFilter.doFilterInternal(FormContentFilter.java:93)
	at org.springframework.web.filter.OncePerRequestFilter.doFilter(OncePerRequestFilter.java:117)
	at org.apache.catalina.core.ApplicationFilterChain.internalDoFilter(ApplicationFilterChain.java:189)
	at org.apache.catalina.core.ApplicationFilterChain.doFilter(ApplicationFilterChain.java:162)
	at org.springframework.boot.actuate.metrics.web.servlet.WebMvcMetricsFilter.doFilterInternal(WebMvcMetricsFilter.java:96)
	at org.springframework.web.filter.OncePerRequestFilter.doFilter(OncePerRequestFilter.java:117)
	at org.apache.catalina.core.ApplicationFilterChain.internalDoFilter(ApplicationFilterChain.java:189)
	at org.apache.catalina.core.ApplicationFilterChain.doFilter(ApplicationFilterChain.java:162)
	at org.springframework.web.filter.CharacterEncodingFilter.doFilterInternal(CharacterEncodingFilter.java:201)
	at org.springframework.web.filter.OncePerRequestFilter.doFilter(OncePerRequestFilter.java:117)
	at org.apache.catalina.core.ApplicationFilterChain.internalDoFilter(ApplicationFilterChain.java:189)
	at org.apache.catalina.core.ApplicationFilterChain.doFilter(ApplicationFilterChain.java:162)
	at org.apache.catalina.core.StandardWrapperValve.invoke(StandardWrapperValve.java:177)
	at org.apache.catalina.core.StandardContextValve.invoke(StandardContextValve.java:97)
	at org.apache.catalina.authenticator.AuthenticatorBase.invoke(AuthenticatorBase.java:541)
	at org.apache.catalina.core.StandardHostValve.invoke(StandardHostValve.java:135)
	at org.apache.catalina.valves.ErrorReportValve.invoke(ErrorReportValve.java:92)
	at org.apache.catalina.core.StandardEngineValve.invoke(StandardEngineValve.java:78)
	at org.apache.catalina.connector.CoyoteAdapter.service(CoyoteAdapter.java:360)
	at org.apache.coyote.http11.Http11Processor.service(Http11Processor.java:399)
	at org.apache.coyote.AbstractProcessorLight.process(AbstractProcessorLight.java:65)
	at org.apache.coyote.AbstractProtocol$ConnectionHandler.process(AbstractProtocol.java:891)
	at org.apache.tomcat.util.net.NioEndpoint$SocketProcessor.doRun(NioEndpoint.java:1784)
	at org.apache.tomcat.util.net.SocketProcessorBase.run(SocketProcessorBase.java:49)
	at org.apache.tomcat.util.threads.ThreadPoolExecutor.runWorker(ThreadPoolExecutor.java:1191)
	at org.apache.tomcat.util.threads.ThreadPoolExecutor$Worker.run(ThreadPoolExecutor.java:659)
	at org.apache.tomcat.util.threads.TaskThread$WrappingRunnable.run(TaskThread.java:61)
	at java.base/java.lang.Thread.run(Thread.java:829)
[] - [] - [] Starting MfMp63WebApplication using Java 11.0.29 on MI-20151052625 with PID 20940 (D:\addlnUtils\mf-pos-impl\morefun-pos-implementation\build\classes\java\main started by Raghavendra in D:\addlnUtils\mf-pos-impl\morefun-pos-implementation)
[] - [] - [] No active profile set, falling back to 1 default profile: "default"
[] - [] - [] Tomcat initialized with port(s): 8897 (http)
[] - [] - [] Initializing ProtocolHandler ["http-nio-8897"]
[] - [] - [] Starting service [Tomcat]
[] - [] - [] Starting Servlet engine: [Apache Tomcat/9.0.71]
[] - [] - [] Initializing Spring embedded WebApplicationContext
[] - [] - [] Root WebApplicationContext: initialization completed in 1795 ms
[] - [] - [] Exposing 14 endpoint(s) beneath base path '/actuator'
[] - [] - [] Starting ProtocolHandler ["http-nio-8897"]
[] - [] - [] Tomcat started on port(s): 8897 (http) with context path '/mp63'
[] - [] - [] Started MfMp63WebApplication in 3.706 seconds (JVM running for 4.113)
[] - [] - [] Initializing Spring DispatcherServlet 'dispatcherServlet'
[] - [] - [] Initializing Servlet 'dispatcherServlet'
[] - [] - [] Completed initialization in 2 ms
[] - [] - [] Initiating Card Transaction
[] - [] - [] Servlet.service() for servlet [dispatcherServlet] in context with path [/mp63] threw exception [Request processing failed; nested exception is java.lang.NumberFormatException: For input string: "0.00"] with root cause
java.lang.NumberFormatException: For input string: "0.00"
	at java.base/java.lang.NumberFormatException.forInputString(NumberFormatException.java:65)
	at java.base/java.lang.Long.parseLong(Long.java:692)
	at java.base/java.lang.Long.parseLong(Long.java:817)
	at com.mf.mp63.service.CardServiceImpl.startTransaction(CardServiceImpl.java:116)
	at com.mf.mp63.controler.CardController.startTransaction(CardController.java:64)
	at java.base/jdk.internal.reflect.NativeMethodAccessorImpl.invoke0(Native Method)
	at java.base/jdk.internal.reflect.NativeMethodAccessorImpl.invoke(NativeMethodAccessorImpl.java:62)
	at java.base/jdk.internal.reflect.DelegatingMethodAccessorImpl.invoke(DelegatingMethodAccessorImpl.java:43)
	at java.base/java.lang.reflect.Method.invoke(Method.java:566)
	at org.springframework.web.method.support.InvocableHandlerMethod.doInvoke(InvocableHandlerMethod.java:205)
	at org.springframework.web.method.support.InvocableHandlerMethod.invokeForRequest(InvocableHandlerMethod.java:150)
	at org.springframework.web.servlet.mvc.method.annotation.ServletInvocableHandlerMethod.invokeAndHandle(ServletInvocableHandlerMethod.java:117)
	at org.springframework.web.servlet.mvc.method.annotation.RequestMappingHandlerAdapter.invokeHandlerMethod(RequestMappingHandlerAdapter.java:895)
	at org.springframework.web.servlet.mvc.method.annotation.RequestMappingHandlerAdapter.handleInternal(RequestMappingHandlerAdapter.java:808)
	at org.springframework.web.servlet.mvc.method.AbstractHandlerMethodAdapter.handle(AbstractHandlerMethodAdapter.java:87)
	at org.springframework.web.servlet.DispatcherServlet.doDispatch(DispatcherServlet.java:1071)
	at org.springframework.web.servlet.DispatcherServlet.doService(DispatcherServlet.java:964)
	at org.springframework.web.servlet.FrameworkServlet.processRequest(FrameworkServlet.java:1006)
	at org.springframework.web.servlet.FrameworkServlet.doPost(FrameworkServlet.java:909)
	at javax.servlet.http.HttpServlet.service(HttpServlet.java:696)
	at org.springframework.web.servlet.FrameworkServlet.service(FrameworkServlet.java:883)
	at javax.servlet.http.HttpServlet.service(HttpServlet.java:779)
	at org.apache.catalina.core.ApplicationFilterChain.internalDoFilter(ApplicationFilterChain.java:227)
	at org.apache.catalina.core.ApplicationFilterChain.doFilter(ApplicationFilterChain.java:162)
	at org.apache.tomcat.websocket.server.WsFilter.doFilter(WsFilter.java:53)
	at org.apache.catalina.core.ApplicationFilterChain.internalDoFilter(ApplicationFilterChain.java:189)
	at org.apache.catalina.core.ApplicationFilterChain.doFilter(ApplicationFilterChain.java:162)
	at org.springframework.web.filter.RequestContextFilter.doFilterInternal(RequestContextFilter.java:100)
	at org.springframework.web.filter.OncePerRequestFilter.doFilter(OncePerRequestFilter.java:117)
	at org.apache.catalina.core.ApplicationFilterChain.internalDoFilter(ApplicationFilterChain.java:189)
	at org.apache.catalina.core.ApplicationFilterChain.doFilter(ApplicationFilterChain.java:162)
	at org.springframework.web.filter.FormContentFilter.doFilterInternal(FormContentFilter.java:93)
	at org.springframework.web.filter.OncePerRequestFilter.doFilter(OncePerRequestFilter.java:117)
	at org.apache.catalina.core.ApplicationFilterChain.internalDoFilter(ApplicationFilterChain.java:189)
	at org.apache.catalina.core.ApplicationFilterChain.doFilter(ApplicationFilterChain.java:162)
	at org.springframework.boot.actuate.metrics.web.servlet.WebMvcMetricsFilter.doFilterInternal(WebMvcMetricsFilter.java:96)
	at org.springframework.web.filter.OncePerRequestFilter.doFilter(OncePerRequestFilter.java:117)
	at org.apache.catalina.core.ApplicationFilterChain.internalDoFilter(ApplicationFilterChain.java:189)
	at org.apache.catalina.core.ApplicationFilterChain.doFilter(ApplicationFilterChain.java:162)
	at org.springframework.web.filter.CharacterEncodingFilter.doFilterInternal(CharacterEncodingFilter.java:201)
	at org.springframework.web.filter.OncePerRequestFilter.doFilter(OncePerRequestFilter.java:117)
	at org.apache.catalina.core.ApplicationFilterChain.internalDoFilter(ApplicationFilterChain.java:189)
	at org.apache.catalina.core.ApplicationFilterChain.doFilter(ApplicationFilterChain.java:162)
	at org.apache.catalina.core.StandardWrapperValve.invoke(StandardWrapperValve.java:177)
	at org.apache.catalina.core.StandardContextValve.invoke(StandardContextValve.java:97)
	at org.apache.catalina.authenticator.AuthenticatorBase.invoke(AuthenticatorBase.java:541)
	at org.apache.catalina.core.StandardHostValve.invoke(StandardHostValve.java:135)
	at org.apache.catalina.valves.ErrorReportValve.invoke(ErrorReportValve.java:92)
	at org.apache.catalina.core.StandardEngineValve.invoke(StandardEngineValve.java:78)
	at org.apache.catalina.connector.CoyoteAdapter.service(CoyoteAdapter.java:360)
	at org.apache.coyote.http11.Http11Processor.service(Http11Processor.java:399)
	at org.apache.coyote.AbstractProcessorLight.process(AbstractProcessorLight.java:65)
	at org.apache.coyote.AbstractProtocol$ConnectionHandler.process(AbstractProtocol.java:891)
	at org.apache.tomcat.util.net.NioEndpoint$SocketProcessor.doRun(NioEndpoint.java:1784)
	at org.apache.tomcat.util.net.SocketProcessorBase.run(SocketProcessorBase.java:49)
	at org.apache.tomcat.util.threads.ThreadPoolExecutor.runWorker(ThreadPoolExecutor.java:1191)
	at org.apache.tomcat.util.threads.ThreadPoolExecutor$Worker.run(ThreadPoolExecutor.java:659)
	at org.apache.tomcat.util.threads.TaskThread$WrappingRunnable.run(TaskThread.java:61)
	at java.base/java.lang.Thread.run(Thread.java:829)
[] - [] - [] Initiating Card Transaction
[] - [] - [] Servlet.service() for servlet [dispatcherServlet] in context with path [/mp63] threw exception [Request processing failed; nested exception is java.lang.NumberFormatException: For input string: "1.00"] with root cause
java.lang.NumberFormatException: For input string: "1.00"
	at java.base/java.lang.NumberFormatException.forInputString(NumberFormatException.java:65)
	at java.base/java.lang.Long.parseLong(Long.java:692)
	at java.base/java.lang.Long.parseLong(Long.java:817)
	at com.mf.mp63.service.CardServiceImpl.startTransaction(CardServiceImpl.java:116)
	at com.mf.mp63.controler.CardController.startTransaction(CardController.java:64)
	at java.base/jdk.internal.reflect.NativeMethodAccessorImpl.invoke0(Native Method)
	at java.base/jdk.internal.reflect.NativeMethodAccessorImpl.invoke(NativeMethodAccessorImpl.java:62)
	at java.base/jdk.internal.reflect.DelegatingMethodAccessorImpl.invoke(DelegatingMethodAccessorImpl.java:43)
	at java.base/java.lang.reflect.Method.invoke(Method.java:566)
	at org.springframework.web.method.support.InvocableHandlerMethod.doInvoke(InvocableHandlerMethod.java:205)
	at org.springframework.web.method.support.InvocableHandlerMethod.invokeForRequest(InvocableHandlerMethod.java:150)
	at org.springframework.web.servlet.mvc.method.annotation.ServletInvocableHandlerMethod.invokeAndHandle(ServletInvocableHandlerMethod.java:117)
	at org.springframework.web.servlet.mvc.method.annotation.RequestMappingHandlerAdapter.invokeHandlerMethod(RequestMappingHandlerAdapter.java:895)
	at org.springframework.web.servlet.mvc.method.annotation.RequestMappingHandlerAdapter.handleInternal(RequestMappingHandlerAdapter.java:808)
	at org.springframework.web.servlet.mvc.method.AbstractHandlerMethodAdapter.handle(AbstractHandlerMethodAdapter.java:87)
	at org.springframework.web.servlet.DispatcherServlet.doDispatch(DispatcherServlet.java:1071)
	at org.springframework.web.servlet.DispatcherServlet.doService(DispatcherServlet.java:964)
	at org.springframework.web.servlet.FrameworkServlet.processRequest(FrameworkServlet.java:1006)
	at org.springframework.web.servlet.FrameworkServlet.doPost(FrameworkServlet.java:909)
	at javax.servlet.http.HttpServlet.service(HttpServlet.java:696)
	at org.springframework.web.servlet.FrameworkServlet.service(FrameworkServlet.java:883)
	at javax.servlet.http.HttpServlet.service(HttpServlet.java:779)
	at org.apache.catalina.core.ApplicationFilterChain.internalDoFilter(ApplicationFilterChain.java:227)
	at org.apache.catalina.core.ApplicationFilterChain.doFilter(ApplicationFilterChain.java:162)
	at org.apache.tomcat.websocket.server.WsFilter.doFilter(WsFilter.java:53)
	at org.apache.catalina.core.ApplicationFilterChain.internalDoFilter(ApplicationFilterChain.java:189)
	at org.apache.catalina.core.ApplicationFilterChain.doFilter(ApplicationFilterChain.java:162)
	at org.springframework.web.filter.RequestContextFilter.doFilterInternal(RequestContextFilter.java:100)
	at org.springframework.web.filter.OncePerRequestFilter.doFilter(OncePerRequestFilter.java:117)
	at org.apache.catalina.core.ApplicationFilterChain.internalDoFilter(ApplicationFilterChain.java:189)
	at org.apache.catalina.core.ApplicationFilterChain.doFilter(ApplicationFilterChain.java:162)
	at org.springframework.web.filter.FormContentFilter.doFilterInternal(FormContentFilter.java:93)
	at org.springframework.web.filter.OncePerRequestFilter.doFilter(OncePerRequestFilter.java:117)
	at org.apache.catalina.core.ApplicationFilterChain.internalDoFilter(ApplicationFilterChain.java:189)
	at org.apache.catalina.core.ApplicationFilterChain.doFilter(ApplicationFilterChain.java:162)
	at org.springframework.boot.actuate.metrics.web.servlet.WebMvcMetricsFilter.doFilterInternal(WebMvcMetricsFilter.java:96)
	at org.springframework.web.filter.OncePerRequestFilter.doFilter(OncePerRequestFilter.java:117)
	at org.apache.catalina.core.ApplicationFilterChain.internalDoFilter(ApplicationFilterChain.java:189)
	at org.apache.catalina.core.ApplicationFilterChain.doFilter(ApplicationFilterChain.java:162)
	at org.springframework.web.filter.CharacterEncodingFilter.doFilterInternal(CharacterEncodingFilter.java:201)
	at org.springframework.web.filter.OncePerRequestFilter.doFilter(OncePerRequestFilter.java:117)
	at org.apache.catalina.core.ApplicationFilterChain.internalDoFilter(ApplicationFilterChain.java:189)
	at org.apache.catalina.core.ApplicationFilterChain.doFilter(ApplicationFilterChain.java:162)
	at org.apache.catalina.core.StandardWrapperValve.invoke(StandardWrapperValve.java:177)
	at org.apache.catalina.core.StandardContextValve.invoke(StandardContextValve.java:97)
	at org.apache.catalina.authenticator.AuthenticatorBase.invoke(AuthenticatorBase.java:541)
	at org.apache.catalina.core.StandardHostValve.invoke(StandardHostValve.java:135)
	at org.apache.catalina.valves.ErrorReportValve.invoke(ErrorReportValve.java:92)
	at org.apache.catalina.core.StandardEngineValve.invoke(StandardEngineValve.java:78)
	at org.apache.catalina.connector.CoyoteAdapter.service(CoyoteAdapter.java:360)
	at org.apache.coyote.http11.Http11Processor.service(Http11Processor.java:399)
	at org.apache.coyote.AbstractProcessorLight.process(AbstractProcessorLight.java:65)
	at org.apache.coyote.AbstractProtocol$ConnectionHandler.process(AbstractProtocol.java:891)
	at org.apache.tomcat.util.net.NioEndpoint$SocketProcessor.doRun(NioEndpoint.java:1784)
	at org.apache.tomcat.util.net.SocketProcessorBase.run(SocketProcessorBase.java:49)
	at org.apache.tomcat.util.threads.ThreadPoolExecutor.runWorker(ThreadPoolExecutor.java:1191)
	at org.apache.tomcat.util.threads.ThreadPoolExecutor$Worker.run(ThreadPoolExecutor.java:659)
	at org.apache.tomcat.util.threads.TaskThread$WrappingRunnable.run(TaskThread.java:61)
	at java.base/java.lang.Thread.run(Thread.java:829)
[] - [] - [] Initiating Card Transaction
[] - [] - [] card result : Communication results:CONNDISCONNECT
Card type:0
Explanation by card type:Canceled
Whether FallBack:No
Main account:null
Card validity:null
Service code:null
Track 2 length:0
Track 2 message:null
Track 3 length:0
Track 3 message:null
Random data:null
Card serial No.:null
IC card data:null
PIN length:0
PIN Ciphertext:null

[] - [] - [] Initiating Card Transaction
[] - [] - [] card result : Communication results:NOERROR
Card type:2
Explanation by card type:Insert card
Whether FallBack:No
Main account:4160210100806580
Card validity:2812
Service code:226
Track 2 length:31
Track 2 message:4160210100806580D28122260016020F
Track 3 length:0
Track 3 message:null
Random data:ï¿½Rï¿½Dxï¿½
Card serial No.:01
IC card data:9F02060000000000009F2608802165219F74853D9F2701809F100706011203A0B8049F3704CA5145629F360207F9950580808080009A032601199C01315F2A020356820238009F1A0203569F03060000000000009F33036000009F34033F00019F3501229F1E086D665F36306220208407A00000000310109F090200209F4104000000019F120A56697361204465626974500A5669736120446562697457104160210100806580D28122260016020F
PIN length:0
PIN Ciphertext:null

[] - [] - [] Initiating Card Transaction
[] - [] - [] card result : Communication results:NOERROR
Card type:2
Explanation by card type:Insert card
Whether FallBack:No
Main account:4160210100806580
Card validity:2812
Service code:226
Track 2 length:31
Track 2 message:4160210100806580D28122260016020F
Track 3 length:0
Track 3 message:null
Random data:gHï¿½jï¿½ï¿½{
Card serial No.:01
IC card data:9F02060000000000009F26080C6EE272F3424AAF9F2701809F100706011203A0B8049F3704E175B1949F360207FA950580808080009A032601199C01315F2A020356820238009F1A0203569F03060000000000009F33036000009F34033F00019F3501229F1E086D665F36306220208407A00000000310109F090200209F4104000000029F120A56697361204465626974500A5669736120446562697457104160210100806580D28122260016020F
PIN length:0
PIN Ciphertext:null

[] - [] - [] Initiating Card Transaction
[] - [] - [] card result : Communication results:NOERROR
Card type:2
Explanation by card type:Insert card
Whether FallBack:No
Main account:4160210100806580
Card validity:2812
Service code:226
Track 2 length:31
Track 2 message:4160210100806580D28122260016020F
Track 3 length:0
Track 3 message:null
Random data:%uZï¿½ï¿½ï¿½ï¿½
Card serial No.:01
IC card data:9F02060000000000359F2608DB50A00BE804129E9F2701809F100706011203A0B8049F3704898708AC9F360207FB950580808080009A032601199C01005F2A020356820238009F1A0203569F03060000000000009F33036000009F34033F00019F3501229F1E086D665F36306220208407A00000000310109F090200209F4104000000039F120A56697361204465626974500A5669736120446562697457104160210100806580D28122260016020F
PIN length:0
PIN Ciphertext:null

[] - [] - [] Starting MfMp63WebApplication using Java 11.0.29 on MI-20151052625 with PID 12324 (D:\addlnUtils\mf-pos-impl\morefun-pos-implementation\build\classes\java\main started by Raghavendra in D:\addlnUtils\mf-pos-impl\morefun-pos-implementation)
[] - [] - [] No active profile set, falling back to 1 default profile: "default"
[] - [] - [] Tomcat initialized with port(s): 8897 (http)
[] - [] - [] Initializing ProtocolHandler ["http-nio-8897"]
[] - [] - [] Starting service [Tomcat]
[] - [] - [] Starting Servlet engine: [Apache Tomcat/9.0.71]
[] - [] - [] Initializing Spring embedded WebApplicationContext
[] - [] - [] Root WebApplicationContext: initialization completed in 1711 ms
[] - [] - [] Exposing 14 endpoint(s) beneath base path '/actuator'
[] - [] - [] Starting ProtocolHandler ["http-nio-8897"]
[] - [] - [] Tomcat started on port(s): 8897 (http) with context path '/mp63'
[] - [] - [] Started MfMp63WebApplication in 3.535 seconds (JVM running for 3.889)
[] - [] - [] Initializing Spring DispatcherServlet 'dispatcherServlet'
[] - [] - [] Initializing Servlet 'dispatcherServlet'
[] - [] - [] Completed initialization in 2 ms
[] - [] - [] Initiating Card Transaction
[] - [] - [] card result : Communication results:NOERROR
Card type:2
Explanation by card type:Insert card
Whether FallBack:No
Main account:4160210100806580
Card validity:2812
Service code:226
Track 2 length:31
Track 2 message:4160210100806580D28122260016020F
Track 3 length:0
Track 3 message:null
Random data:wï¿½Kï¿½E"+
Card serial No.:01
IC card data:9F02060000000000359F2608284D2F24301722279F2701809F100706011203A0B8049F3704FF0BAD369F360207FC950580808080009A032601199C01005F2A020356820238009F1A0203569F03060000000000009F33036000009F34033F00019F3501229F1E086D665F36306220208407A00000000310109F090200209F4104000000049F120A56697361204465626974500A5669736120446562697457104160210100806580D28122260016020F
PIN length:0
PIN Ciphertext:null

[] - [] - [] Initiating Card Transaction
[] - [] - [] card result : Communication results:NOERROR
Card type:2
Explanation by card type:Insert card
Whether FallBack:No
Main account:4160210100806580
Card validity:2812
Service code:226
Track 2 length:31
Track 2 message:4160210100806580D28122260016020F
Track 3 length:0
Track 3 message:null
Random data:Dï¿½ï¿½!ï¿½>ï¿½
Card serial No.:01
IC card data:9F02060000000035009F2608E5FCE5AA430EEACD9F2701809F100706011203A0B8049F370443A9B8479F360207FD950580808080009A032601199C01005F2A020356820238009F1A0203569F03060000000000009F33036000009F34033F00019F3501229F1E086D665F36306220208407A00000000310109F090200209F4104000000059F120A56697361204465626974500A5669736120446562697457104160210100806580D28122260016020F
PIN length:0
PIN Ciphertext:null

[] - [] - [] Initiating Card Transaction
[] - [] - [] card result : Communication results:NOERROR
Card type:2
Explanation by card type:Insert card
Whether FallBack:No
Main account:4160210100806580
Card validity:2812
Service code:226
Track 2 length:31
Track 2 message:4160210100806580D28122260016020F
Track 3 length:0
Track 3 message:null
Random data:ï¿½Ä·ï¿½ï¿½È©ï¿½
Card serial No.:01
IC card data:9F02060000000035009F26082847304CF88966889F2701809F100706011203A0B8049F370492BA0C9C9F360207FE950580808080009A032601199C01005F2A020356820238009F1A0203569F03060000000000009F33036000009F34033F00019F3501229F1E086D665F36306220208407A00000000310109F090200209F4104000000069F120A56697361204465626974500A5669736120446562697457104160210100806580D28122260016020F
PIN length:0
PIN Ciphertext:null

[] - [] - [] Initiating Card Transaction
[] - [] - [] card result : Communication results:NOERROR
Card type:2
Explanation by card type:Insert card
Whether FallBack:No
Main account:4160210100806580
Card validity:2812
Service code:226
Track 2 length:31
Track 2 message:4160210100806580D28122260016020F
Track 3 length:0
Track 3 message:null
Random data:ï¿½Ô¼U.:ï¿½
Card serial No.:01
IC card data:9F02060000000035009F26080EDB8245B2F42D3B9F2701809F100706011203A0B8049F370471DF6A7F9F360207FF950580808080009A032601199C01005F2A020356820238009F1A0203569F03060000000000009F33036000009F34033F00019F3501229F1E086D665F36306220208407A00000000310109F090200209F4104000000079F120A56697361204465626974500A5669736120446562697457104160210100806580D28122260016020F
PIN length:0
PIN Ciphertext:null

[] - [] - [] Starting MfMp63WebApplication using Java 11.0.29 on MI-20151052625 with PID 11816 (D:\addlnUtils\mf-pos-impl\morefun-pos-implementation\build\classes\java\main started by Raghavendra in D:\addlnUtils\mf-pos-impl\morefun-pos-implementation)
[] - [] - [] No active profile set, falling back to 1 default profile: "default"
[] - [] - [] Tomcat initialized with port(s): 8897 (http)
[] - [] - [] Initializing ProtocolHandler ["http-nio-8897"]
[] - [] - [] Starting service [Tomcat]
[] - [] - [] Starting Servlet engine: [Apache Tomcat/9.0.71]
[] - [] - [] Initializing Spring embedded WebApplicationContext
[] - [] - [] Root WebApplicationContext: initialization completed in 1401 ms
[] - [] - [] Exposing 14 endpoint(s) beneath base path '/actuator'
[] - [] - [] Starting ProtocolHandler ["http-nio-8897"]
[] - [] - [] Tomcat started on port(s): 8897 (http) with context path '/mp63'
[] - [] - [] Started MfMp63WebApplication in 2.852 seconds (JVM running for 3.177)
[] - [] - [] Initializing Spring DispatcherServlet 'dispatcherServlet'
[] - [] - [] Initializing Servlet 'dispatcherServlet'
[] - [] - [] Completed initialization in 0 ms
[] - [] - [] Initiating Card Transaction
[] - [] - [] card result : Communication results:NOERROR
Card type:2
Explanation by card type:Insert card
Whether FallBack:No
Main account:4160210100806580
Card validity:2812
Service code:226
Track 2 length:31
Track 2 message:4160210100806580D28122260016020F
Track 3 length:0
Track 3 message:null
Random data:ï¿½ï¿½Fv ï¿½y
Card serial No.:01
IC card data:9F02060000000035009F2608C908548DD5CB45089F2701809F100706011203A0B8049F3704420643659F36020800950580808080009A032601199C01005F2A020356820238009F1A0203569F03060000000000009F33036000009F34033F00019F3501229F1E086D665F36306220208407A00000000310109F090200209F4104000000089F120A56697361204465626974500A5669736120446562697457104160210100806580D28122260016020F
PIN length:0
PIN Ciphertext:null

[] - [] - [] Initiating Card Transaction
[] - [] - [] card result : Communication results:NOERROR
Card type:2
Explanation by card type:Insert card
Whether FallBack:No
Main account:4160210100806580
Card validity:2812
Service code:226
Track 2 length:31
Track 2 message:4160210100806580D28122260016020F
Track 3 length:0
Track 3 message:null
Random data:ï¿½FH'\D2
Card serial No.:01
IC card data:9F02060000000035009F2608D3540DB59894D8E29F2701809F100706011203A0B8049F370407B75E619F36020801950580808080009A032601199C01005F2A020356820238009F1A0203569F03060000000000009F33036000009F34033F00019F3501229F1E086D665F36306220208407A00000000310109F090200209F4104000000099F120A56697361204465626974500A5669736120446562697457104160210100806580D28122260016020F
PIN length:0
PIN Ciphertext:null

[] - [] - [] Initiating Card Transaction
[] - [] - [] card result : Communication results:NOERROR
Card type:2
Explanation by card type:Insert card
Whether FallBack:No
Main account:4160210100806580
Card validity:2812
Service code:226
Track 2 length:31
Track 2 message:4160210100806580D28122260016020F
Track 3 length:0
Track 3 message:null
Random data:DYï¿½-ï¿½G/Y
Card serial No.:01
IC card data:9F02060000000035009F2608EEB2D71F435E748B9F2701809F100706011203A0B8049F37049C3CA8829F36020802950580808080009A032601199C01005F2A020356820238009F1A0203569F03060000000000009F33036000009F34033F00019F3501229F1E086D665F36306220208407A00000000310109F090200209F4104000000109F120A56697361204465626974500A5669736120446562697457104160210100806580D28122260016020F
PIN length:0
PIN Ciphertext:null

[] - [] - [] Starting MfMp63WebApplication using Java 11.0.29 on MI-20151052625 with PID 12016 (D:\addlnUtils\mf-pos-impl\morefun-pos-implementation\build\classes\java\main started by Raghavendra in D:\addlnUtils\mf-pos-impl\morefun-pos-implementation)
[] - [] - [] No active profile set, falling back to 1 default profile: "default"
[] - [] - [] Tomcat initialized with port(s): 8897 (http)
[] - [] - [] Initializing ProtocolHandler ["http-nio-8897"]
[] - [] - [] Starting service [Tomcat]
[] - [] - [] Starting Servlet engine: [Apache Tomcat/9.0.71]
[] - [] - [] Initializing Spring embedded WebApplicationContext
[] - [] - [] Root WebApplicationContext: initialization completed in 1479 ms
[] - [] - [] Exposing 14 endpoint(s) beneath base path '/actuator'
[] - [] - [] Starting ProtocolHandler ["http-nio-8897"]
[] - [] - [] Tomcat started on port(s): 8897 (http) with context path '/mp63'
[] - [] - [] Started MfMp63WebApplication in 2.936 seconds (JVM running for 3.335)
[] - [] - [] Initializing Spring DispatcherServlet 'dispatcherServlet'
[] - [] - [] Initializing Servlet 'dispatcherServlet'
[] - [] - [] Completed initialization in 0 ms
[] - [] - [] Initiating Card Transaction
[] - [] - [] card result : Communication results:NOERROR
Card type:2
Explanation by card type:Insert card
Whether FallBack:No
Main account:4160210100806580
Card validity:2812
Service code:226
Track 2 length:31
Track 2 message:4160210100806580D28122260016020F
Track 3 length:0
Track 3 message:null
Random data:O-bdï¿½8ï¿½
Card serial No.:01
IC card data:9F02060000000035009F260843BB9636DF94A0719F2701809F100706011203A0B8049F3704CF78EE869F36020803950580808080009A032601199C01005F2A020356820238009F1A0203569F03060000000000009F33036000009F34033F00019F3501229F1E086D665F36306220208407A00000000310109F090200209F4104000000119F120A56697361204465626974500A5669736120446562697457104160210100806580D28122260016020F
PIN length:0
PIN Ciphertext:null

[] - [] - [] Starting MfMp63WebApplication using Java 11.0.29 on MI-20151052625 with PID 14692 (D:\addlnUtils\mf-pos-impl\morefun-pos-implementation\build\classes\java\main started by Raghavendra in D:\addlnUtils\mf-pos-impl\morefun-pos-implementation)
[] - [] - [] No active profile set, falling back to 1 default profile: "default"
[] - [] - [] Tomcat initialized with port(s): 8897 (http)
[] - [] - [] Initializing ProtocolHandler ["http-nio-8897"]
[] - [] - [] Starting service [Tomcat]
[] - [] - [] Starting Servlet engine: [Apache Tomcat/9.0.71]
[] - [] - [] Initializing Spring embedded WebApplicationContext
[] - [] - [] Root WebApplicationContext: initialization completed in 1539 ms
[] - [] - [] Exposing 14 endpoint(s) beneath base path '/actuator'
[] - [] - [] Starting ProtocolHandler ["http-nio-8897"]
[] - [] - [] Tomcat started on port(s): 8897 (http) with context path '/mp63'
[] - [] - [] Started MfMp63WebApplication in 3.058 seconds (JVM running for 3.378)
[] - [] - [] Initializing Spring DispatcherServlet 'dispatcherServlet'
[] - [] - [] Initializing Servlet 'dispatcherServlet'
[] - [] - [] Completed initialization in 1 ms
[] - [] - [] Initiating Card Transaction
[] - [] - [] card result : Communication results:NOERROR
Card type:2
Explanation by card type:Insert card
Whether FallBack:No
Main account:4160210100806580
Card validity:2812
Service code:226
Track 2 length:31
Track 2 message:4160210100806580D28122260016020F
Track 3 length:0
Track 3 message:null
Random data:ï¿½ï¿½rgï¿½
Card serial No.:01
IC card data:9F02060000000035009F2608FDD7692D8B0CAF089F2701809F100706011203A0B8049F37048FC1E34D9F36020806950580808080009A032601209C01005F2A020356820238009F1A0203569F03060000000000009F33036000009F34033F00019F3501229F1E086D665F36306220208407A00000000310109F090200209F4104000000019F120A56697361204465626974500A5669736120446562697457104160210100806580D28122260016020F
PIN length:0
PIN Ciphertext:null

[] - [] - [] Starting MfMp63WebApplication using Java 11.0.29 on MI-20151052625 with PID 16840 (D:\addlnUtils\mf-pos-impl\morefun-pos-implementation\build\classes\java\main started by Raghavendra in D:\addlnUtils\mf-pos-impl\morefun-pos-implementation)
[] - [] - [] No active profile set, falling back to 1 default profile: "default"
[] - [] - [] Tomcat initialized with port(s): 8897 (http)
[] - [] - [] Initializing ProtocolHandler ["http-nio-8897"]
[] - [] - [] Starting service [Tomcat]
[] - [] - [] Starting Servlet engine: [Apache Tomcat/9.0.71]
[] - [] - [] Initializing Spring embedded WebApplicationContext
[] - [] - [] Root WebApplicationContext: initialization completed in 2330 ms
[] - [] - [] Exposing 14 endpoint(s) beneath base path '/actuator'
[] - [] - [] Starting ProtocolHandler ["http-nio-8897"]
[] - [] - [] Tomcat started on port(s): 8897 (http) with context path '/mp63'
[] - [] - [] Started MfMp63WebApplication in 5.043 seconds (JVM running for 5.947)
[] - [] - [] Initializing Spring DispatcherServlet 'dispatcherServlet'
[] - [] - [] Initializing Servlet 'dispatcherServlet'
[] - [] - [] Completed initialization in 1 ms
[] - [] - [] Initiating Card Transaction
[] - [] - [] card result : Communication results:NOERROR
Card type:2
Explanation by card type:Insert card
Whether FallBack:No
Main account:4160210100806580
Card validity:2812
Service code:226
Track 2 length:31
Track 2 message:4160210100806580D28122260016020F
Track 3 length:0
Track 3 message:null
Random data:ï¿½?dA ï¿½ï¿½
Card serial No.:01
IC card data:9F02060000000035009F26083BD2AF8FD7B1FFEA9F2701809F100706011203A0B8049F3704BE58F8309F36020807950580808080009A032601209C01005F2A020356820238009F1A0203569F03060000000000009F33036000009F34033F00019F3501229F1E086D665F36306220208407A00000000310109F090200209F4104000000019F120A56697361204465626974500A5669736120446562697457104160210100806580D28122260016020F
PIN length:0
PIN Ciphertext:null

[] - [] - [] Initiating Card Transaction
[] - [] - [] card result : Communication results:NOERROR
Card type:2
Explanation by card type:Insert card
Whether FallBack:No
Main account:4160210100806580
Card validity:2812
Service code:226
Track 2 length:31
Track 2 message:4160210100806580D28122260016020F
Track 3 length:0
Track 3 message:null
Random data:-ï¿½2ï¿½C>
Card serial No.:01
IC card data:9F02060000000035009F2608D69D32E474D39FD19F2701809F100706011203A0B8049F37044932F49C9F36020808950580808080009A032601209C01005F2A020356820238009F1A0203569F03060000000000009F33036000009F34033F00019F3501229F1E086D665F36306220208407A00000000310109F090200209F4104000000029F120A56697361204465626974500A5669736120446562697457104160210100806580D28122260016020F
PIN length:0
PIN Ciphertext:null

[] - [] - [] Starting MfMp63WebApplication using Java 11.0.29 on MI-20151052625 with PID 1244 (D:\addlnUtils\mf-pos-impl\morefun-pos-implementation\build\classes\java\main started by Raghavendra in D:\addlnUtils\mf-pos-impl\morefun-pos-implementation)
[] - [] - [] No active profile set, falling back to 1 default profile: "default"
[] - [] - [] Tomcat initialized with port(s): 8897 (http)
[] - [] - [] Initializing ProtocolHandler ["http-nio-8897"]
[] - [] - [] Starting service [Tomcat]
[] - [] - [] Starting Servlet engine: [Apache Tomcat/9.0.71]
[] - [] - [] Initializing Spring embedded WebApplicationContext
[] - [] - [] Root WebApplicationContext: initialization completed in 2466 ms
[] - [] - [] Exposing 14 endpoint(s) beneath base path '/actuator'
[] - [] - [] Starting ProtocolHandler ["http-nio-8897"]
[] - [] - [] Tomcat started on port(s): 8897 (http) with context path '/mp63'
[] - [] - [] Started MfMp63WebApplication in 5.086 seconds (JVM running for 5.707)
[] - [] - [] Initializing Spring DispatcherServlet 'dispatcherServlet'
[] - [] - [] Initializing Servlet 'dispatcherServlet'
[] - [] - [] Completed initialization in 2 ms
[] - [] - [] Initiating Card Transaction
[] - [] - [] card result : Communication results:NOERROR
Card type:3
Explanation by card type:Swing card
Whether FallBack:No
Main account:4160210100806580
Card validity:2812
Service code:226
Track 2 length:31
Track 2 message:4160210100806580D28122260016020F
Track 3 length:0
Track 3 message:null
Random data:ï¿½|?52ï¿½ï¿½
Card serial No.:01
IC card data:9F02060000000035009F260853775D75B737F7A59F2701409F1007060112039000009F370468FBF5E09F3602080E950500000000009A032601209C01005F2A020356820220209F1A0203569F03060000000000009F33036000009F3501229F1E086D665F36306220208407A00000000310109F090200209F4104000000089F120A56697361204465626974500A5669736120446562697457104160210100806580D28122260016020F
PIN length:0
PIN Ciphertext:null

[] - [] - [] Starting MfMp63WebApplication using Java 11.0.29 on MI-20151052625 with PID 12980 (D:\addlnUtils\mf-pos-impl\morefun-pos-implementation\build\classes\java\main started by Raghavendra in D:\addlnUtils\mf-pos-impl\morefun-pos-implementation)
[] - [] - [] No active profile set, falling back to 1 default profile: "default"
[] - [] - [] Tomcat initialized with port(s): 8897 (http)
[] - [] - [] Initializing ProtocolHandler ["http-nio-8897"]
[] - [] - [] Starting service [Tomcat]
[] - [] - [] Starting Servlet engine: [Apache Tomcat/9.0.71]
[] - [] - [] Initializing Spring embedded WebApplicationContext
[] - [] - [] Root WebApplicationContext: initialization completed in 2588 ms
[] - [] - [] Exposing 14 endpoint(s) beneath base path '/actuator'
[] - [] - [] Starting ProtocolHandler ["http-nio-8897"]
[] - [] - [] Tomcat started on port(s): 8897 (http) with context path '/mp63'
[] - [] - [] Started MfMp63WebApplication in 5.136 seconds (JVM running for 5.712)
[] - [] - [] Initializing Spring DispatcherServlet 'dispatcherServlet'
[] - [] - [] Initializing Servlet 'dispatcherServlet'
[] - [] - [] Completed initialization in 2 ms
[] - [] - [] Initiating Card Transaction
[] - [] - [] card result : Communication results:NOERROR
Card type:2
Explanation by card type:Insert card
Whether FallBack:No
Main account:4160210100806580
Card validity:2812
Service code:226
Track 2 length:31
Track 2 message:4160210100806580D28122260016020F
Track 3 length:0
Track 3 message:null
Random data:ï¿½ï¿½v`ï¿½ï¿½1
Card serial No.:01
IC card data:9F02060000000035009F2608BE7105DA8A400D8D9F2701809F100706011203A0B8049F37047AEF25579F3602080F950580808080009A032601209C01005F2A020356820238009F1A0203569F03060000000000009F33036000009F34033F00019F3501229F1E086D665F36306220208407A00000000310109F090200209F4104000000019F120A56697361204465626974500A5669736120446562697457104160210100806580D28122260016020F
PIN length:0
PIN Ciphertext:null

[] - [] - [] Starting MfMp63WebApplication using Java 11.0.29 on MI-20151052625 with PID 1788 (D:\addlnUtils\mf-pos-impl\morefun-pos-implementation\build\classes\java\main started by Raghavendra in D:\addlnUtils\mf-pos-impl\morefun-pos-implementation)
[] - [] - [] No active profile set, falling back to 1 default profile: "default"
[] - [] - [] Tomcat initialized with port(s): 8897 (http)
[] - [] - [] Initializing ProtocolHandler ["http-nio-8897"]
[] - [] - [] Starting service [Tomcat]
[] - [] - [] Starting Servlet engine: [Apache Tomcat/9.0.71]
[] - [] - [] Initializing Spring embedded WebApplicationContext
[] - [] - [] Root WebApplicationContext: initialization completed in 1496 ms
[] - [] - [] Exposing 14 endpoint(s) beneath base path '/actuator'
[] - [] - [] Starting ProtocolHandler ["http-nio-8897"]
[] - [] - [] Tomcat started on port(s): 8897 (http) with context path '/mp63'
[] - [] - [] Started MfMp63WebApplication in 3.042 seconds (JVM running for 3.393)
[] - [] - [] Initializing Spring DispatcherServlet 'dispatcherServlet'
[] - [] - [] Initializing Servlet 'dispatcherServlet'
[] - [] - [] Completed initialization in 2 ms
[] - [] - [] Initiating Card Transaction
[] - [] - [] card result : Communication results:NOERROR
Card type:2
Explanation by card type:Insert card
Whether FallBack:No
Main account:4160210100806580
Card validity:2812
Service code:226
Track 2 length:31
Track 2 message:4160210100806580D28122260016020F
Track 3 length:0
Track 3 message:null
Random data:8ï¿½ï¿½ï¿½{ï¿½
Card serial No.:01
IC card data:9F02060000000035009F2608F724724A4D4928D69F2701809F100706011203A0B8049F370489D22C399F36020815950580808080009A032601209C01005F2A020356820238009F1A0203569F03060000000000009F33036000009F34033F00019F3501229F1E086D665F36306220208407A00000000310109F090200209F4104000000019F120A56697361204465626974500A5669736120446562697457104160210100806580D28122260016020F
PIN length:0
PIN Ciphertext:null

[] - [] - [] Starting MfMp63WebApplication using Java 11.0.29 on MI-20151052625 with PID 18732 (D:\addlnUtils\mf-pos-impl\morefun-pos-implementation\build\classes\java\main started by Raghavendra in D:\addlnUtils\mf-pos-impl\morefun-pos-implementation)
[] - [] - [] No active profile set, falling back to 1 default profile: "default"
[] - [] - [] Tomcat initialized with port(s): 8897 (http)
[] - [] - [] Initializing ProtocolHandler ["http-nio-8897"]
[] - [] - [] Starting service [Tomcat]
[] - [] - [] Starting Servlet engine: [Apache Tomcat/9.0.71]
[] - [] - [] Initializing Spring embedded WebApplicationContext
[] - [] - [] Root WebApplicationContext: initialization completed in 1406 ms
[] - [] - [] Exposing 14 endpoint(s) beneath base path '/actuator'
[] - [] - [] Starting ProtocolHandler ["http-nio-8897"]
[] - [] - [] Tomcat started on port(s): 8897 (http) with context path '/mp63'
[] - [] - [] Started MfMp63WebApplication in 2.829 seconds (JVM running for 3.159)
[] - [] - [] Initializing Spring DispatcherServlet 'dispatcherServlet'
[] - [] - [] Initializing Servlet 'dispatcherServlet'
[] - [] - [] Completed initialization in 2 ms
[] - [] - [] Initiating Card Transaction
[] - [] - [] card result : Communication results:NOERROR
Card type:6
Explanation by card type:Error
Whether FallBack:No
Main account:null
Card validity:null
Service code:null
Track 2 length:0
Track 2 message:null
Track 3 length:0
Track 3 message:null
Random data:Aï¿½ï¿½ï¿½ï¿½FD
Card serial No.:null
IC card data:null
PIN length:0
PIN Ciphertext:null

[] - [] - [] Initiating Card Transaction
[] - [] - [] card result : Communication results:NOERROR
Card type:2
Explanation by card type:Insert card
Whether FallBack:No
Main account:4160210100806580
Card validity:2812
Service code:226
Track 2 length:31
Track 2 message:4160210100806580D28122260016020F
Track 3 length:0
Track 3 message:null
Random data:Xï¿½ï¿½ï¿½!ï¿½ï¿½
Card serial No.:01
IC card data:9F02060000000035009F2608DAA018CCDB0CEC809F2701809F100706011203A0B8049F37046F221A1F9F36020816950580808080009A032601209C01005F2A020356820238009F1A0203569F03060000000000009F33036000009F34033F00019F3501229F1E086D665F36306220208407A00000000310109F090200209F4104000000039F120A56697361204465626974500A5669736120446562697457104160210100806580D28122260016020F
PIN length:0
PIN Ciphertext:null

[] - [] - [] Initiating Card Transaction
[] - [] - [] card result : Communication results:NOERROR
Card type:2
Explanation by card type:Insert card
Whether FallBack:No
Main account:4160210100806580
Card validity:2812
Service code:226
Track 2 length:31
Track 2 message:4160210100806580D28122260016020F
Track 3 length:0
Track 3 message:null
Random data: ï¿½Uï¿½
Card serial No.:01
IC card data:9F02060000000035009F26084AA88854367611F69F2701809F100706011203A0B8049F370480692F4D9F36020817950580808080009A032601209C01005F2A020356820238009F1A0203569F03060000000000009F33036000009F34033F00019F3501229F1E086D665F36306220208407A00000000310109F090200209F4104000000049F120A56697361204465626974500A5669736120446562697457104160210100806580D28122260016020F
PIN length:0
PIN Ciphertext:null

[] - [] - [] Starting MfMp63WebApplication using Java 11.0.29 on MI-20151052625 with PID 16260 (D:\addlnUtils\mf-pos-impl\morefun-pos-implementation\build\classes\java\main started by Raghavendra in D:\addlnUtils\mf-pos-impl\morefun-pos-implementation)
[] - [] - [] No active profile set, falling back to 1 default profile: "default"
[] - [] - [] Tomcat initialized with port(s): 8897 (http)
[] - [] - [] Initializing ProtocolHandler ["http-nio-8897"]
[] - [] - [] Starting service [Tomcat]
[] - [] - [] Starting Servlet engine: [Apache Tomcat/9.0.71]
[] - [] - [] Initializing Spring embedded WebApplicationContext
[] - [] - [] Root WebApplicationContext: initialization completed in 1703 ms
[] - [] - [] Exposing 14 endpoint(s) beneath base path '/actuator'
[] - [] - [] Starting ProtocolHandler ["http-nio-8897"]
[] - [] - [] Tomcat started on port(s): 8897 (http) with context path '/mp63'
[] - [] - [] Started MfMp63WebApplication in 3.22 seconds (JVM running for 10.724)
[] - [] - [] Initializing Spring DispatcherServlet 'dispatcherServlet'
[] - [] - [] Initializing Servlet 'dispatcherServlet'
[] - [] - [] Completed initialization in 2 ms
[] - [] - [] Initiating Card Transaction
[] - [] - [] card result : Communication results:NOERROR
Card type:2
Explanation by card type:Insert card
Whether FallBack:No
Main account:4160210100806580
Card validity:2812
Service code:226
Track 2 length:31
Track 2 message:4160210100806580D28122260016020F
Track 3 length:0
Track 3 message:null
Random data:ï¿½ï¿½
cï¿½ï¿½
ï¿½
Card serial No.:01
IC card data:9F02060000000035009F2608D724FAFA7721391A9F2701809F100706011203A0B8049F3704C35281339F3602081A950508800480009A032601209C01005F2A020408820238009F1A0204089F03060000000000009F330360D0C89F34034203009F3501229F1E086D665F36306220208407A00000000310109F090200209F4104000000019F120A56697361204465626974500A5669736120446562697457104160210100806580D28122260016020F
PIN length:4
PIN Ciphertext:D580EB92902EBC37

[] - [] - [] Starting MfMp63WebApplication using Java 11.0.29 on MI-20151052625 with PID 5928 (D:\addlnUtils\mf-pos-impl\morefun-pos-implementation\build\classes\java\main started by Raghavendra in D:\addlnUtils\mf-pos-impl\morefun-pos-implementation)
[] - [] - [] No active profile set, falling back to 1 default profile: "default"
[] - [] - [] Tomcat initialized with port(s): 8897 (http)
[] - [] - [] Initializing ProtocolHandler ["http-nio-8897"]
[] - [] - [] Starting service [Tomcat]
[] - [] - [] Starting Servlet engine: [Apache Tomcat/9.0.71]
[] - [] - [] Initializing Spring embedded WebApplicationContext
[] - [] - [] Root WebApplicationContext: initialization completed in 1434 ms
[] - [] - [] Exposing 14 endpoint(s) beneath base path '/actuator'
[] - [] - [] Starting ProtocolHandler ["http-nio-8897"]
[] - [] - [] Tomcat started on port(s): 8897 (http) with context path '/mp63'
[] - [] - [] Started MfMp63WebApplication in 2.886 seconds (JVM running for 3.243)
[] - [] - [] Initializing Spring DispatcherServlet 'dispatcherServlet'
[] - [] - [] Initializing Servlet 'dispatcherServlet'
[] - [] - [] Completed initialization in 1 ms
[] - [] - [] Initiating Card Transaction
[] - [] - [] card result : Communication results:NOERROR
Card type:2
Explanation by card type:Insert card
Whether FallBack:No
Main account:4160210100806580
Card validity:2812
Service code:226
Track 2 length:31
Track 2 message:4160210100806580D28122260016020F
Track 3 length:0
Track 3 message:null
Random data:Q]ï¿½A&J
Card serial No.:01
IC card data:9F02060000000035009F2608EB85AE93E170A2959F2701809F100706011203A0B8049F370422B5CFDA9F3602081B950508800480009A032601209C01005F2A020408820238009F1A0204089F03060000000000009F330360D0C89F34034203009F3501229F1E086D665F36306220208407A00000000310109F090200209F4104000000029F120A56697361204465626974500A5669736120446562697457104160210100806580D28122260016020F
PIN length:4
PIN Ciphertext:D580EB92902EBC37

[] - [] - [] Starting MfMp63WebApplication using Java 11.0.29 on MI-20151052625 with PID 5060 (D:\addlnUtils\mf-pos-impl\morefun-pos-implementation\build\classes\java\main started by Raghavendra in D:\addlnUtils\mf-pos-impl\morefun-pos-implementation)
[] - [] - [] No active profile set, falling back to 1 default profile: "default"
[] - [] - [] Tomcat initialized with port(s): 8897 (http)
[] - [] - [] Initializing ProtocolHandler ["http-nio-8897"]
[] - [] - [] Starting service [Tomcat]
[] - [] - [] Starting Servlet engine: [Apache Tomcat/9.0.71]
[] - [] - [] Initializing Spring embedded WebApplicationContext
[] - [] - [] Root WebApplicationContext: initialization completed in 1810 ms
[] - [] - [] Exposing 14 endpoint(s) beneath base path '/actuator'
[] - [] - [] Starting ProtocolHandler ["http-nio-8897"]
[] - [] - [] Tomcat started on port(s): 8897 (http) with context path '/mp63'
[] - [] - [] Started MfMp63WebApplication in 3.598 seconds (JVM running for 3.981)
[] - [] - [] Initializing Spring DispatcherServlet 'dispatcherServlet'
[] - [] - [] Initializing Servlet 'dispatcherServlet'
[] - [] - [] Completed initialization in 9 ms
[] - [] - [] Initiating Card Transaction
[] - [] - [] card result : Communication results:NOERROR
Card type:2
Explanation by card type:Insert card
Whether FallBack:No
Main account:4160210100806580
Card validity:2812
Service code:226
Track 2 length:31
Track 2 message:4160210100806580D28122260016020F
Track 3 length:0
Track 3 message:null
Random data:ï¿½z1ï¿½ï¿½Pï¿½ï¿½
Card serial No.:01
IC card data:9F02060000000055009F2608D3C5C0642605CBE39F2701809F100706011203A0B8049F3704BB25112C9F3602081C950508800480009A032601209C01005F2A020408820238009F1A0204089F03060000000000009F330360D0C89F34034203009F3501229F1E086D665F36306220208407A00000000310109F090200209F4104000000039F120A56697361204465626974500A5669736120446562697457104160210100806580D28122260016020F
PIN length:4
PIN Ciphertext:D580EB92902EBC37

[] - [] - [] Starting MfMp63WebApplication using Java 11.0.29 on MI-20151052625 with PID 10492 (D:\addlnUtils\mf-pos-impl\morefun-pos-implementation\build\classes\java\main started by Raghavendra in D:\addlnUtils\mf-pos-impl\morefun-pos-implementation)
[] - [] - [] No active profile set, falling back to 1 default profile: "default"
[] - [] - [] Tomcat initialized with port(s): 8897 (http)
[] - [] - [] Initializing ProtocolHandler ["http-nio-8897"]
[] - [] - [] Starting service [Tomcat]
[] - [] - [] Starting Servlet engine: [Apache Tomcat/9.0.71]
[] - [] - [] Initializing Spring embedded WebApplicationContext
[] - [] - [] Root WebApplicationContext: initialization completed in 1414 ms
[] - [] - [] Exposing 14 endpoint(s) beneath base path '/actuator'
[] - [] - [] Starting ProtocolHandler ["http-nio-8897"]
[] - [] - [] Tomcat started on port(s): 8897 (http) with context path '/mp63'
[] - [] - [] Started MfMp63WebApplication in 2.945 seconds (JVM running for 3.294)
[] - [] - [] Initializing Spring DispatcherServlet 'dispatcherServlet'
[] - [] - [] Initializing Servlet 'dispatcherServlet'
[] - [] - [] Completed initialization in 1 ms
[] - [] - [] Completing Transaction
[] - [] - [] final responseChipData data : [911037374233443942443030383030303030, 8A023030]
[] - [] - [] setting EMV response card data...
[] - [] - [] Transaction approved online
[] - [] - [] response code : 0
[] - [] - [] Starting MfMp63WebApplication using Java 11.0.29 on MI-20151052625 with PID 4492 (D:\addlnUtils\mf-pos-impl\morefun-pos-implementation\build\classes\java\main started by Raghavendra in D:\addlnUtils\mf-pos-impl\morefun-pos-implementation)
[] - [] - [] No active profile set, falling back to 1 default profile: "default"
[] - [] - [] Tomcat initialized with port(s): 8897 (http)
[] - [] - [] Initializing ProtocolHandler ["http-nio-8897"]
[] - [] - [] Starting service [Tomcat]
[] - [] - [] Starting Servlet engine: [Apache Tomcat/9.0.71]
[] - [] - [] Initializing Spring embedded WebApplicationContext
[] - [] - [] Root WebApplicationContext: initialization completed in 1451 ms
[] - [] - [] Exposing 14 endpoint(s) beneath base path '/actuator'
[] - [] - [] Starting ProtocolHandler ["http-nio-8897"]
[] - [] - [] Tomcat started on port(s): 8897 (http) with context path '/mp63'
[] - [] - [] Started MfMp63WebApplication in 2.932 seconds (JVM running for 3.253)
[] - [] - [] Initializing Spring DispatcherServlet 'dispatcherServlet'
[] - [] - [] Initializing Servlet 'dispatcherServlet'
[] - [] - [] Completed initialization in 3 ms
[] - [] - [] Completing Transaction
[] - [] - [] final responseChipData data : [911037374233443942443030383030303030, 8A023030]
[] - [] - [] setting EMV response card data...
[] - [] - [] Transaction approved online
[] - [] - [] response code : 0
[] - [] - [] Starting MfMp63WebApplication using Java 11.0.29 on MI-20151052625 with PID 11540 (D:\addlnUtils\mf-pos-impl\morefun-pos-implementation\build\classes\java\main started by Raghavendra in D:\addlnUtils\mf-pos-impl\morefun-pos-implementation)
[] - [] - [] No active profile set, falling back to 1 default profile: "default"
[] - [] - [] Tomcat initialized with port(s): 8897 (http)
[] - [] - [] Initializing ProtocolHandler ["http-nio-8897"]
[] - [] - [] Starting service [Tomcat]
[] - [] - [] Starting Servlet engine: [Apache Tomcat/9.0.71]
[] - [] - [] Initializing Spring embedded WebApplicationContext
[] - [] - [] Root WebApplicationContext: initialization completed in 1493 ms
[] - [] - [] Exposing 14 endpoint(s) beneath base path '/actuator'
[] - [] - [] Starting ProtocolHandler ["http-nio-8897"]
[] - [] - [] Tomcat started on port(s): 8897 (http) with context path '/mp63'
[] - [] - [] Started MfMp63WebApplication in 3.018 seconds (JVM running for 3.347)
[] - [] - [] Initializing Spring DispatcherServlet 'dispatcherServlet'
[] - [] - [] Initializing Servlet 'dispatcherServlet'
[] - [] - [] Completed initialization in 1 ms
[] - [] - [] Completing Transaction
[] - [] - [] final responseChipData data : [911037374233443942443030383030303030, 8A023030]
[] - [] - [] setting EMV response card data...
[] - [] - [] Transaction approved online
[] - [] - [] response code : 0
[] - [] - [] Starting MfMp63WebApplication using Java 11.0.29 on MI-20151052625 with PID 8464 (D:\addlnUtils\mf-pos-impl\morefun-pos-implementation\build\classes\java\main started by Raghavendra in D:\addlnUtils\mf-pos-impl\morefun-pos-implementation)
[] - [] - [] No active profile set, falling back to 1 default profile: "default"
[] - [] - [] Tomcat initialized with port(s): 8897 (http)
[] - [] - [] Initializing ProtocolHandler ["http-nio-8897"]
[] - [] - [] Starting service [Tomcat]
[] - [] - [] Starting Servlet engine: [Apache Tomcat/9.0.71]
[] - [] - [] Initializing Spring embedded WebApplicationContext
[] - [] - [] Root WebApplicationContext: initialization completed in 1461 ms
[] - [] - [] Exposing 14 endpoint(s) beneath base path '/actuator'
[] - [] - [] Starting ProtocolHandler ["http-nio-8897"]
[] - [] - [] Tomcat started on port(s): 8897 (http) with context path '/mp63'
[] - [] - [] Started MfMp63WebApplication in 2.919 seconds (JVM running for 3.28)
[] - [] - [] Initializing Spring DispatcherServlet 'dispatcherServlet'
[] - [] - [] Initializing Servlet 'dispatcherServlet'
[] - [] - [] Completed initialization in 2 ms
[] - [] - [] Completing Transaction
[] - [] - [] final responseChipData data : [911037374233443942443030383030303030, 8A023030]
[] - [] - [] setting EMV response card data...
[] - [] - [] Transaction approved online
[] - [] - [] response code : 0
[] - [] - [] Completing Transaction
[] - [] - [] final responseChipData data : [911037374233443942443030383030303030, 8A023030]
[] - [] - [] setting EMV response card data...
[] - [] - [] Transaction approved online
[] - [] - [] response code : 0
[] - [] - [] Initiating Card Transaction
[] - [] - [] card result : Communication results:NOERROR
Card type:2
Explanation by card type:Insert card
Whether FallBack:No
Main account:4160210100806580
Card validity:2812
Service code:226
Track 2 length:31
Track 2 message:4160210100806580D28122260016020F
Track 3 length:0
Track 3 message:null
Random data:ï¿½ï¿½Sï¿½uoï¿½
Card serial No.:01
IC card data:9F02060000000055009F26087B9849E8B172E5F89F2701809F100706011203A0B8049F37048B307C929F3602081D950580808080009A032601209C01005F2A020356820238009F1A0203569F03060000000000009F33036000009F34033F00019F3501229F1E086D665F36306220208407A00000000310109F090200209F4104000000019F120A56697361204465626974500A5669736120446562697457104160210100806580D28122260016020F
PIN length:0
PIN Ciphertext:null

[] - [] - [] Completing Transaction
[] - [] - [] final responseChipData data : [911037374233443942443030383030303030, 8A023030]
[] - [] - [] setting EMV response card data...
[] - [] - [] Transaction approved online
[] - [] - [] response code : 0
[] - [] - [] Initiating Card Transaction
[] - [] - [] card result : Communication results:NOERROR
Card type:2
Explanation by card type:Insert card
Whether FallBack:No
Main account:4160210100806580
Card validity:2812
Service code:226
Track 2 length:31
Track 2 message:4160210100806580D28122260016020F
Track 3 length:0
Track 3 message:null
Random data:-ï¿½ï¿½|ï¿½ï¿½
Card serial No.:01
IC card data:9F02060000000055009F260837A2EB9AFEAD20BB9F2701809F100706011203A0B8049F3704E394DBFC9F3602081E950580808080009A032601209C01005F2A020356820238009F1A0203569F03060000000000009F33036000009F34033F00019F3501229F1E086D665F36306220208407A00000000310109F090200209F4104000000029F120A56697361204465626974500A5669736120446562697457104160210100806580D28122260016020F
PIN length:0
PIN Ciphertext:null

[] - [] - [] Completing Transaction
[] - [] - [] final responseChipData data : [911037374233443942443030383030303030, 8A023030]
[] - [] - [] setting EMV response card data...
[] - [] - [] Transaction approved online
[] - [] - [] response code : 0
[] - [] - [] Initiating Card Transaction
[] - [] - [] card result : Communication results:NOERROR
Card type:2
Explanation by card type:Insert card
Whether FallBack:No
Main account:6080251300001806
Card validity:2812
Service code:226
Track 2 length:31
Track 2 message:6080251300001806D28122262570010F
Track 3 length:0
Track 3 message:null
Random data:ï¿½ p3ï¿½
?
Card serial No.:01
IC card data:9F02060000000055009F26084A3567CA1D130C2B9F2701809F10200FB501A0004000000000000000000000000000000000000000000000000000009F37043F48B5FC9F360200DD950580008000009A032601209C01005F2A020356820219009F1A0203569F03060000000000009F33036000009F34033F00019F3501229F1E086D665F36306220208407A00000052410109F090200029F4104000000039F120B5275506179204465626974500B527550617920446562697457106080251300001806D28122262570010F
PIN length:0
PIN Ciphertext:null

[] - [] - [] Completing Transaction
[] - [] - [] final responseChipData data : [911037374233443942443030383030303030, 8A023030]
[] - [] - [] setting EMV response card data...
[] - [] - [] Transaction approved online
[] - [] - [] response code : 0
[] - [] - [] Starting MfMp63WebApplication using Java 11.0.29 on MI-20151052625 with PID 15324 (D:\addlnUtils\mf-pos-impl\morefun-pos-implementation\build\classes\java\main started by Raghavendra in D:\addlnUtils\mf-pos-impl\morefun-pos-implementation)
[] - [] - [] No active profile set, falling back to 1 default profile: "default"
[] - [] - [] Tomcat initialized with port(s): 8897 (http)
[] - [] - [] Initializing ProtocolHandler ["http-nio-8897"]
[] - [] - [] Starting service [Tomcat]
[] - [] - [] Starting Servlet engine: [Apache Tomcat/9.0.71]
[] - [] - [] Initializing Spring embedded WebApplicationContext
[] - [] - [] Root WebApplicationContext: initialization completed in 2180 ms
[] - [] - [] Exposing 14 endpoint(s) beneath base path '/actuator'
[] - [] - [] Starting ProtocolHandler ["http-nio-8897"]
[] - [] - [] Tomcat started on port(s): 8897 (http) with context path '/mp63'
[] - [] - [] Started MfMp63WebApplication in 4.55 seconds (JVM running for 4.907)
[] - [] - [] Initializing Spring DispatcherServlet 'dispatcherServlet'
[] - [] - [] Initializing Servlet 'dispatcherServlet'
[] - [] - [] Completed initialization in 4 ms
[] - [] - [] Initiating Card Transaction
[] - [] - [] card result : Communication results:NOERROR
Card type:2
Explanation by card type:Insert card
Whether FallBack:No
Main account:5129670200667314
Card validity:2812
Service code:126
Track 2 length:31
Track 2 message:5129670200667314D28121260015150F
Track 3 length:0
Track 3 message:null
Random data:gï¿½ï¿½ï¿½^Rï¿½
Card serial No.:00
IC card data:9F02060000000055009F2608F686EE60A94A6ACD9F2701809F10120110A00001240000000000000000000000FF9F370432DC74759F3602010E950504800480009A032601209C01005F2A020408820239009F1A0204089F03060000000000009F330360D0C89F34034203009F3501229F1E086D665F36306220208407A00000000410109F090200209F4104000000019F12104465626974204D61737465726361726450104465626974204D61737465726361726457105129670200667314D28121260015150F
PIN length:4
PIN Ciphertext:172BF59594D47B4F

[] - [] - [] Completing Transaction
[] - [] - [] final responseChipData data : [911037374233443942443030383030303030, 8A023030]
[] - [] - [] setting EMV response card data...
[] - [] - [] Transaction approved online
[] - [] - [] response code : 0
[] - [] - [] authData : 9110373742334439424430303830303030308A02303003083030
[] - [] - [] Initiating Card Transaction
[] - [] - [] card result : Communication results:NOERROR
Card type:6
Explanation by card type:Error
Whether FallBack:No
Main account:null
Card validity:null
Service code:null
Track 2 length:0
Track 2 message:null
Track 3 length:0
Track 3 message:null
Random data:3ï¿½22ï¿½<ï¿½ï¿½
Card serial No.:null
IC card data:null
PIN length:0
PIN Ciphertext:null

[] - [] - [] Completing Transaction
[] - [] - [] final responseChipData data : [911037374233443942443030383030303030, 8A023030]
[] - [] - [] setting EMV response card data...
[] - [] - [] Transaction approved online
[] - [] - [] response code : 0
[] - [] - [] authData : 9110373742334439424430303830303030308A02303003083030
[] - [] - [] Starting MfMp63WebApplication using Java 11.0.29 on MI-20151052625 with PID 16840 (D:\addlnUtils\mf-pos-impl\morefun-pos-implementation\build\classes\java\main started by Raghavendra in D:\addlnUtils\mf-pos-impl\morefun-pos-implementation)
[] - [] - [] No active profile set, falling back to 1 default profile: "default"
[] - [] - [] Tomcat initialized with port(s): 8897 (http)
[] - [] - [] Initializing ProtocolHandler ["http-nio-8897"]
[] - [] - [] Starting service [Tomcat]
[] - [] - [] Starting Servlet engine: [Apache Tomcat/9.0.71]
[] - [] - [] Initializing Spring embedded WebApplicationContext
[] - [] - [] Root WebApplicationContext: initialization completed in 2953 ms
[] - [] - [] Exposing 14 endpoint(s) beneath base path '/actuator'
[] - [] - [] Starting ProtocolHandler ["http-nio-8897"]
[] - [] - [] Tomcat started on port(s): 8897 (http) with context path '/mp63'
[] - [] - [] Started MfMp63WebApplication in 6.418 seconds (JVM running for 7.218)
[] - [] - [] Initializing Spring DispatcherServlet 'dispatcherServlet'
[] - [] - [] Initializing Servlet 'dispatcherServlet'
[] - [] - [] Completed initialization in 1 ms
[] - [] - [] Initiating Card Transaction
[] - [] - [] card result : Communication results:NOERROR
Card type:2
Explanation by card type:Insert card
Whether FallBack:No
Main account:4160210100806580
Card validity:2812
Service code:226
Track 2 length:31
Track 2 message:4160210100806580D28122260016020F
Track 3 length:0
Track 3 message:null
Random data:ï¿½ï¿½×šï¿½
ï¿½ï¿½
Card serial No.:01
IC card data:9F02060000000055009F260818836A677FD86FAD9F2701809F100706011203A0B8049F37047A2165499F3602081F950580808080009A032601219C01005F2A020356820238009F1A0203569F03060000000000009F33036000009F34033F00019F3501229F1E086D665F36306220208407A00000000310109F090200209F4104000000019F120A56697361204465626974500A5669736120446562697457104160210100806580D28122260016020F
PIN length:0
PIN Ciphertext:null

[] - [] - [] Completing Transaction
[] - [] - [] final responseChipData data : [911037374233443942443030383030303030, 8A023030]
[] - [] - [] setting EMV response card data...
[] - [] - [] Transaction approved online
[] - [] - [] response code : 0
[] - [] - [] authData : 9110373742334439424430303830303030308A02303003083030
[] - [] - [] Initiating Card Transaction
[] - [] - [] card result : Communication results:NOERROR
Card type:2
Explanation by card type:Insert card
Whether FallBack:No
Main account:4160210100806580
Card validity:2812
Service code:226
Track 2 length:31
Track 2 message:4160210100806580D28122260016020F
Track 3 length:0
Track 3 message:null
Random data:ï¿½ï¿½?#E!ï¿½
Card serial No.:01
IC card data:9F02060000000055009F26081FE636BE395D79F49F2701809F100706011203A0B8049F37049AC4BA259F36020820950580808080009A032601219C01005F2A020356820238009F1A0203569F03060000000000009F33036000009F34033F00019F3501229F1E086D665F36306220208407A00000000310109F090200209F4104000000029F120A56697361204465626974500A5669736120446562697457104160210100806580D28122260016020F
PIN length:0
PIN Ciphertext:null

[] - [] - [] Initiating Card Transaction
[] - [] - [] card result : Communication results:NOERROR
Card type:2
Explanation by card type:Insert card
Whether FallBack:No
Main account:4160210100806580
Card validity:2812
Service code:226
Track 2 length:31
Track 2 message:4160210100806580D28122260016020F
Track 3 length:0
Track 3 message:null
Random data:ï¿½ï¿½ï¿½ï¿½Lï¿½ï¿½
Card serial No.:01
IC card data:9F02060000000055009F260843215DD9E8A140B59F2701809F100706011203A0B8049F37041D43B8EA9F36020821950580808080009A032601219C01005F2A020356820238009F1A0203569F03060000000000009F33036000009F34033F00019F3501229F1E086D665F36306220208407A00000000310109F090200209F4104000000039F120A56697361204465626974500A5669736120446562697457104160210100806580D28122260016020F
PIN length:0
PIN Ciphertext:null

[] - [] - [] Starting MfMp63WebApplication using Java 11.0.29 on MI-20151052625 with PID 7664 (D:\addlnUtils\mf-pos-impl\morefun-pos-implementation\build\classes\java\main started by Raghavendra in D:\addlnUtils\mf-pos-impl\morefun-pos-implementation)
[] - [] - [] No active profile set, falling back to 1 default profile: "default"
[] - [] - [] Tomcat initialized with port(s): 8897 (http)
[] - [] - [] Initializing ProtocolHandler ["http-nio-8897"]
[] - [] - [] Starting service [Tomcat]
[] - [] - [] Starting Servlet engine: [Apache Tomcat/9.0.71]
[] - [] - [] Initializing Spring embedded WebApplicationContext
[] - [] - [] Root WebApplicationContext: initialization completed in 1822 ms
[] - [] - [] Exposing 14 endpoint(s) beneath base path '/actuator'
[] - [] - [] Starting ProtocolHandler ["http-nio-8897"]
[] - [] - [] Tomcat started on port(s): 8897 (http) with context path '/mp63'
[] - [] - [] Started MfMp63WebApplication in 4.17 seconds (JVM running for 4.531)
[] - [] - [] Initializing Spring DispatcherServlet 'dispatcherServlet'
[] - [] - [] Initializing Servlet 'dispatcherServlet'
[] - [] - [] Completed initialization in 0 ms
[] - [] - [] Initiating Card Transaction
[] - [] - [] card result : Communication results:NOERROR
Card type:2
Explanation by card type:Insert card
Whether FallBack:No
Main account:4160210100806580
Card validity:2812
Service code:226
Track 2 length:31
Track 2 message:4160210100806580D28122260016020F
Track 3 length:0
Track 3 message:null
Random data:ï¿½,ï¿½lF
{
Card serial No.:01
IC card data:9F02060000000055009F260828C8B450CB3212A39F2701809F100706011203A0B8049F37045619A01F9F36020822950580808080009A032601219C01005F2A020356820238009F1A0203569F03060000000000009F33036000009F34033F00019F3501229F1E086D665F36306220208407A00000000310109F090200209F4104000000049F120A56697361204465626974500A5669736120446562697457104160210100806580D28122260016020F
PIN length:0
PIN Ciphertext:null

[] - [] - [] Starting MfMp63WebApplication using Java 11.0.29 on MI-20151052625 with PID 7336 (D:\addlnUtils\mf-pos-impl\morefun-pos-implementation\build\classes\java\main started by Raghavendra in D:\addlnUtils\mf-pos-impl\morefun-pos-implementation)
[] - [] - [] No active profile set, falling back to 1 default profile: "default"
[] - [] - [] Tomcat initialized with port(s): 8897 (http)
[] - [] - [] Initializing ProtocolHandler ["http-nio-8897"]
[] - [] - [] Starting service [Tomcat]
[] - [] - [] Starting Servlet engine: [Apache Tomcat/9.0.71]
[] - [] - [] Initializing Spring embedded WebApplicationContext
[] - [] - [] Root WebApplicationContext: initialization completed in 1818 ms
[] - [] - [] Exposing 14 endpoint(s) beneath base path '/actuator'
[] - [] - [] Starting ProtocolHandler ["http-nio-8897"]
[] - [] - [] Tomcat started on port(s): 8897 (http) with context path '/mp63'
[] - [] - [] Started MfMp63WebApplication in 3.618 seconds (JVM running for 3.99)
[] - [] - [] Initializing Spring DispatcherServlet 'dispatcherServlet'
[] - [] - [] Initializing Servlet 'dispatcherServlet'
[] - [] - [] Completed initialization in 0 ms
[] - [] - [] Initiating Card Transaction
[] - [] - [] card result : Communication results:CONNDISCONNECT
Card type:0
Explanation by card type:Canceled
Whether FallBack:No
Main account:null
Card validity:null
Service code:null
Track 2 length:0
Track 2 message:null
Track 3 length:0
Track 3 message:null
Random data:null
Card serial No.:null
IC card data:null
PIN length:0
PIN Ciphertext:null

[] - [] - [] Initiating Card Transaction
[] - [] - [] card result : Communication results:NOERROR
Card type:2
Explanation by card type:Insert card
Whether FallBack:No
Main account:4160210100806580
Card validity:2812
Service code:226
Track 2 length:31
Track 2 message:4160210100806580D28122260016020F
Track 3 length:0
Track 3 message:null
Random data:ï¿½ï¿½ï¿½4vï¿½ï¿½
Card serial No.:01
IC card data:9F02060000000055009F26088A7122FE2C7F284F9F2701809F100706011203A0B8049F3704BD961DD79F36020823950580808080009A032601219C01005F2A020356820238009F1A0203569F03060000000000009F33036000009F34033F00019F3501229F1E086D665F36306220208407A00000000310109F090200209F4104000000059F120A56697361204465626974500A5669736120446562697457104160210100806580D28122260016020F
PIN length:0
PIN Ciphertext:null

[] - [] - [] Starting MfMp63WebApplication using Java 11.0.29 on MI-20151052625 with PID 5864 (D:\addlnUtils\mf-pos-impl\morefun-pos-implementation\build\classes\java\main started by Raghavendra in D:\addlnUtils\mf-pos-impl\morefun-pos-implementation)
[] - [] - [] No active profile set, falling back to 1 default profile: "default"
[] - [] - [] Tomcat initialized with port(s): 8897 (http)
[] - [] - [] Initializing ProtocolHandler ["http-nio-8897"]
[] - [] - [] Starting service [Tomcat]
[] - [] - [] Starting Servlet engine: [Apache Tomcat/9.0.71]
[] - [] - [] Initializing Spring embedded WebApplicationContext
[] - [] - [] Root WebApplicationContext: initialization completed in 2993 ms
[] - [] - [] Exposing 14 endpoint(s) beneath base path '/actuator'
[] - [] - [] Starting ProtocolHandler ["http-nio-8897"]
[] - [] - [] Tomcat started on port(s): 8897 (http) with context path '/mp63'
[] - [] - [] Started MfMp63WebApplication in 6.268 seconds (JVM running for 6.986)
[] - [] - [] Initializing Spring DispatcherServlet 'dispatcherServlet'
[] - [] - [] Initializing Servlet 'dispatcherServlet'
[] - [] - [] Completed initialization in 2 ms
[] - [] - [] Initiating Card Transaction
[] - [] - [] keyIndexResp : Set key index success
[] - [] - [] loadDtmkResp : Load kek result:false
[] - [] - [] loadTmkResp : loadMasterKey:true
[] - [] - [] Starting MfMp63WebApplication using Java 11.0.29 on MI-20151052625 with PID 11584 (D:\addlnUtils\mf-pos-impl\morefun-pos-implementation\build\classes\java\main started by Raghavendra in D:\addlnUtils\mf-pos-impl\morefun-pos-implementation)
[] - [] - [] No active profile set, falling back to 1 default profile: "default"
[] - [] - [] Tomcat initialized with port(s): 8897 (http)
[] - [] - [] Initializing ProtocolHandler ["http-nio-8897"]
[] - [] - [] Starting service [Tomcat]
[] - [] - [] Starting Servlet engine: [Apache Tomcat/9.0.71]
[] - [] - [] Initializing Spring embedded WebApplicationContext
[] - [] - [] Root WebApplicationContext: initialization completed in 1560 ms
[] - [] - [] Exposing 14 endpoint(s) beneath base path '/actuator'
[] - [] - [] Starting ProtocolHandler ["http-nio-8897"]
[] - [] - [] Tomcat started on port(s): 8897 (http) with context path '/mp63'
[] - [] - [] Started MfMp63WebApplication in 3.201 seconds (JVM running for 3.531)
[] - [] - [] Initializing Spring DispatcherServlet 'dispatcherServlet'
[] - [] - [] Initializing Servlet 'dispatcherServlet'
[] - [] - [] Completed initialization in 1 ms
[] - [] - [] Initiating Card Transaction
[] - [] - [] keyIndexResp : Set key index success
[] - [] - [] loadDtmkResp : Load kek result:false
[] - [] - [] loadTmkResp : loadMasterKey:true
[] - [] - [] loadWorkekyResp : Key loading failed:false
[] - [] - [] card result : Communication results:NOERROR
Card type:2
Explanation by card type:Insert card
Whether FallBack:No
Main account:4160210100806580
Card validity:2812
Service code:226
Track 2 length:31
Track 2 message:4160210100806580D28122260016020F
Track 3 length:0
Track 3 message:null
Random data:ï¿½Yï¿½OË…ï¿½ï¿½
Card serial No.:01
IC card data:9F02060000000055009F260863FF66DB89674FB39F2701809F100706011203A0B8049F37043ABCDB279F36020824950580808080009A032601219C01005F2A020356820238009F1A0203569F03060000000000009F33036000009F34033F00019F3501229F1E086D665F36306220208407A00000000310109F090200209F4104000000069F120A56697361204465626974500A5669736120446562697457104160210100806580D28122260016020F
PIN length:0
PIN Ciphertext:null

[] - [] - [] Starting MfMp63WebApplication using Java 11.0.29 on MI-20151052625 with PID 12596 (D:\addlnUtils\mf-pos-impl\morefun-pos-implementation\build\classes\java\main started by Raghavendra in D:\addlnUtils\mf-pos-impl\morefun-pos-implementation)
[] - [] - [] No active profile set, falling back to 1 default profile: "default"
[] - [] - [] Tomcat initialized with port(s): 8897 (http)
[] - [] - [] Initializing ProtocolHandler ["http-nio-8897"]
[] - [] - [] Starting service [Tomcat]
[] - [] - [] Starting Servlet engine: [Apache Tomcat/9.0.71]
[] - [] - [] Initializing Spring embedded WebApplicationContext
[] - [] - [] Root WebApplicationContext: initialization completed in 3076 ms
[] - [] - [] Exposing 14 endpoint(s) beneath base path '/actuator'
[] - [] - [] Starting ProtocolHandler ["http-nio-8897"]
[] - [] - [] Tomcat started on port(s): 8897 (http) with context path '/mp63'
[] - [] - [] Started MfMp63WebApplication in 7.142 seconds (JVM running for 7.693)
[] - [] - [] Initializing Spring DispatcherServlet 'dispatcherServlet'
[] - [] - [] Initializing Servlet 'dispatcherServlet'
[] - [] - [] Completed initialization in 0 ms
[] - [] - [] Initiating Card Transaction
[] - [] - [] keyIndexResp : Set key index success
[] - [] - [] loadDtmkResp : false
[] - [] - [] Starting MfMp63WebApplication using Java 11.0.29 on MI-20151052625 with PID 25116 (D:\addlnUtils\mf-pos-impl\morefun-pos-implementation\build\classes\java\main started by Raghavendra in D:\addlnUtils\mf-pos-impl\morefun-pos-implementation)
[] - [] - [] No active profile set, falling back to 1 default profile: "default"
[] - [] - [] Tomcat initialized with port(s): 8897 (http)
[] - [] - [] Initializing ProtocolHandler ["http-nio-8897"]
[] - [] - [] Starting service [Tomcat]
[] - [] - [] Starting Servlet engine: [Apache Tomcat/9.0.71]
[] - [] - [] Initializing Spring embedded WebApplicationContext
[] - [] - [] Root WebApplicationContext: initialization completed in 2635 ms
[] - [] - [] Exposing 14 endpoint(s) beneath base path '/actuator'
[] - [] - [] Starting ProtocolHandler ["http-nio-8897"]
[] - [] - [] Tomcat started on port(s): 8897 (http) with context path '/mp63'
[] - [] - [] Started MfMp63WebApplication in 6.145 seconds (JVM running for 6.56)
[] - [] - [] Initializing Spring DispatcherServlet 'dispatcherServlet'
[] - [] - [] Initializing Servlet 'dispatcherServlet'
[] - [] - [] Completed initialization in 0 ms
[] - [] - [] Initiating Card Transaction
[] - [] - [] keyIndexResp : Set key index success
[] - [] - [] loadDtmkResp : false
[] - [] - [] loadTmkResp : true
[] - [] - [] loadWorkekyResp : false
[] - [] - [] card result : Communication results:NOERROR
Card type:2
Explanation by card type:Insert card
Whether FallBack:No
Main account:4160210100806580
Card validity:2812
Service code:226
Track 2 length:31
Track 2 message:4160210100806580D28122260016020F
Track 3 length:0
Track 3 message:null
Random data:ï¿½%Tï¿½ï¿½Tï¿½+
Card serial No.:01
IC card data:9F02060000000055009F26083F8FE219884E45C89F2701809F100706011203A0B8049F3704994F20199F36020825950580808080009A032601219C01005F2A020356820238009F1A0203569F03060000000000009F33036000009F34033F00019F3501229F1E086D665F36306220208407A00000000310109F090200209F4104000000019F120A56697361204465626974500A5669736120446562697457104160210100806580D28122260016020F
PIN length:0
PIN Ciphertext:null

[] - [] - [] Starting MfMp63WebApplication using Java 11.0.29 on MI-20151052625 with PID 24624 (D:\addlnUtils\mf-pos-impl\morefun-pos-implementation\build\classes\java\main started by Raghavendra in D:\addlnUtils\mf-pos-impl\morefun-pos-implementation)
[] - [] - [] No active profile set, falling back to 1 default profile: "default"
[] - [] - [] Tomcat initialized with port(s): 8897 (http)
[] - [] - [] Initializing ProtocolHandler ["http-nio-8897"]
[] - [] - [] Starting service [Tomcat]
[] - [] - [] Starting Servlet engine: [Apache Tomcat/9.0.71]
[] - [] - [] Initializing Spring embedded WebApplicationContext
[] - [] - [] Root WebApplicationContext: initialization completed in 2082 ms
[] - [] - [] Exposing 14 endpoint(s) beneath base path '/actuator'
[] - [] - [] Starting ProtocolHandler ["http-nio-8897"]
[] - [] - [] Tomcat started on port(s): 8897 (http) with context path '/mp63'
[] - [] - [] Started MfMp63WebApplication in 3.836 seconds (JVM running for 12.187)
[] - [] - [] Initializing Spring DispatcherServlet 'dispatcherServlet'
[] - [] - [] Initializing Servlet 'dispatcherServlet'
[] - [] - [] Completed initialization in 0 ms
[] - [] - [] Starting MfMp63WebApplication using Java 11.0.29 on MI-20151052625 with PID 24720 (D:\addlnUtils\mf-pos-impl\morefun-pos-implementation\build\classes\java\main started by Raghavendra in D:\addlnUtils\mf-pos-impl\morefun-pos-implementation)
[] - [] - [] No active profile set, falling back to 1 default profile: "default"
[] - [] - [] Tomcat initialized with port(s): 8897 (http)
[] - [] - [] Initializing ProtocolHandler ["http-nio-8897"]
[] - [] - [] Starting service [Tomcat]
[] - [] - [] Starting Servlet engine: [Apache Tomcat/9.0.71]
[] - [] - [] Initializing Spring embedded WebApplicationContext
[] - [] - [] Root WebApplicationContext: initialization completed in 2618 ms
[] - [] - [] Exposing 14 endpoint(s) beneath base path '/actuator'
[] - [] - [] Starting ProtocolHandler ["http-nio-8897"]
[] - [] - [] Tomcat started on port(s): 8897 (http) with context path '/mp63'
[] - [] - [] Started MfMp63WebApplication in 4.903 seconds (JVM running for 5.259)
[] - [] - [] Initializing Spring DispatcherServlet 'dispatcherServlet'
[] - [] - [] Initializing Servlet 'dispatcherServlet'
[] - [] - [] Completed initialization in 2 ms
[] - [] - [] Initiating Card Transaction
[] - [] - [] keyIndexResp : Set key index success
[] - [] - [] loadDtmkResp : false
[] - [] - [] loadTmkResp : true
[] - [] - [] loadWorkekyResp : false
[] - [] - [] card result : Communication results:NOERROR
Card type:2
Explanation by card type:Insert card
Whether FallBack:No
Main account:4160210100806580
Card validity:2812
Service code:226
Track 2 length:31
Track 2 message:4160210100806580D28122260016020F
Track 3 length:0
Track 3 message:null
Random data:vcï¿½ï¿½n<ï¿½
Card serial No.:01
IC card data:9F02060000000055009F2608241B316DDEE38D779F2701809F100706011203A0B8049F37046D79BE099F36020827950508800480009A032601219C01005F2A020356820238009F1A0203569F03060000000000009F330360D0C89F34034203009F3501229F1E086D665F36306220208407A00000000310109F090200209F4104000000019F120A56697361204465626974500A5669736120446562697457104160210100806580D28122260016020F
PIN length:4
PIN Ciphertext:D580EB92902EBC37

[] - [] - [] Initiating Card Transaction
[] - [] - [] keyIndexResp : Set key index success
[] - [] - [] loadDtmkResp : false
[] - [] - [] loadTmkResp : true
[] - [] - [] loadWorkekyResp : false
[] - [] - [] card result : Communication results:NOERROR
Card type:2
Explanation by card type:Insert card
Whether FallBack:No
Main account:4160210100806580
Card validity:2812
Service code:226
Track 2 length:31
Track 2 message:4160210100806580D28122260016020F
Track 3 length:0
Track 3 message:null
Random data:ï¿½Sï¿½?ï¿½oï¿½
Card serial No.:01
IC card data:9F02060000000055009F2608F88E408F7F19B5EB9F2701809F100706011203A0B8049F37045852518A9F36020828950508800480009A032601219C01005F2A020356820238009F1A0203569F03060000000000009F330360D0C89F34034203009F3501229F1E086D665F36306220208407A00000000310109F090200209F4104000000029F120A56697361204465626974500A5669736120446562697457104160210100806580D28122260016020F
PIN length:4
PIN Ciphertext:D580EB92902EBC37

[] - [] - [] Completing Transaction
[] - [] - [] final responseChipData data : [911037374233443942443030383030303030, 8A023030]
[] - [] - [] setting EMV response card data...
[] - [] - [] Transaction approved online
[] - [] - [] response code : 0
[] - [] - [] authData : 9110373742334439424430303830303030308A02303003083030
[] - [] - [] Starting MfMp63WebApplication using Java 11.0.29 on MI-20151052625 with PID 9140 (D:\addlnUtils\mf-pos-impl\morefun-pos-implementation\build\classes\java\main started by Raghavendra in D:\addlnUtils\mf-pos-impl\morefun-pos-implementation)
[] - [] - [] No active profile set, falling back to 1 default profile: "default"
[] - [] - [] Tomcat initialized with port(s): 8897 (http)
[] - [] - [] Initializing ProtocolHandler ["http-nio-8897"]
[] - [] - [] Starting service [Tomcat]
[] - [] - [] Starting Servlet engine: [Apache Tomcat/9.0.71]
[] - [] - [] Initializing Spring embedded WebApplicationContext
[] - [] - [] Root WebApplicationContext: initialization completed in 5254 ms
[] - [] - [] Exposing 14 endpoint(s) beneath base path '/actuator'
[] - [] - [] Starting ProtocolHandler ["http-nio-8897"]
[] - [] - [] Tomcat started on port(s): 8897 (http) with context path '/mp63'
[] - [] - [] Started MfMp63WebApplication in 9.329 seconds (JVM running for 16.275)
[] - [] - [] Initializing Spring DispatcherServlet 'dispatcherServlet'
[] - [] - [] Initializing Servlet 'dispatcherServlet'
[] - [] - [] Completed initialization in 3 ms
[] - [] - [] Initiating Card Transaction
[] - [] - [] keyIndexResp : Set key index success
[] - [] - [] loadDtmkResp : false
[] - [] - [] loadTmkResp : true
[] - [] - [] loadWorkekyResp : false
[] - [] - [] card result : Communication results:NOERROR
Card type:2
Explanation by card type:Insert card
Whether FallBack:No
Main account:4160210100806580
Card validity:2812
Service code:226
Track 2 length:31
Track 2 message:4160210100806580D28122260016020F
Track 3 length:0
Track 3 message:null
Random data:gï¿½tï¿½ï¿½ï¿½r=
Card serial No.:01
IC card data:9F02060000000055009F2608FBEC2F79387E18E89F2701809F100706011203A0B8049F3704CA718CBD9F36020829950508800480009A032601229C01005F2A020356820238009F1A0203569F03060000000000009F330360D0C89F34034203009F3501229F1E086D665F36306220208407A00000000310109F090200209F4104000000019F120A56697361204465626974500A5669736120446562697457104160210100806580D28122260016020F
PIN length:4
PIN Ciphertext:D580EB92902EBC37

[] - [] - [] Completing Transaction
[] - [] - [] final responseChipData data : [911037374233443942443030383030303030, 8A023030]
[] - [] - [] setting EMV response card data...
[] - [] - [] Transaction approved online
[] - [] - [] response code : 0
[] - [] - [] authData : 9110373742334439424430303830303030308A02303003083030
[] - [] - [] Initiating Card Transaction
[] - [] - [] keyIndexResp : Set key index success
[] - [] - [] loadDtmkResp : false
[] - [] - [] loadTmkResp : true
[] - [] - [] loadWorkekyResp : false
[] - [] - [] card result : Communication results:NOERROR
Card type:2
Explanation by card type:Insert card
Whether FallBack:No
Main account:5129670200667314
Card validity:2812
Service code:126
Track 2 length:31
Track 2 message:5129670200667314D28121260015150F
Track 3 length:0
Track 3 message:null
Random data:*ï¿½ï¿½ï¿½?Wï¿½
Card serial No.:00
IC card data:9F02060000000055009F2608595E7E3A592D5BE59F2701809F10120110A00001220400000000000000000000FF9F37040EA607CE9F3602010F950504800480009A032601229C01005F2A020356820239009F1A0203569F03060000000000009F330360D0C89F34034203009F3501229F1E086D665F36306220208407A00000000410109F090200209F4104000000029F12104465626974204D61737465726361726450104465626974204D61737465726361726457105129670200667314D28121260015150F
PIN length:4
PIN Ciphertext:824CA76B91E64763

[] - [] - [] Completing Transaction
[] - [] - [] final responseChipData data : [911037374233443942443030383030303030, 8A023030]
[] - [] - [] setting EMV response card data...
[] - [] - [] Transaction approved online
[] - [] - [] response code : 0
[] - [] - [] authData : 9110373742334439424430303830303030308A02303003083030
[] - [] - [] Initiating Card Transaction
[] - [] - [] keyIndexResp : Set key index success
[] - [] - [] loadDtmkResp : false
[] - [] - [] loadTmkResp : true
[] - [] - [] loadWorkekyResp : false
[] - [] - [] card result : Communication results:NOERROR
Card type:2
Explanation by card type:Insert card
Whether FallBack:No
Main account:6080251300001806
Card validity:2812
Service code:226
Track 2 length:31
Track 2 message:6080251300001806D28122262570010F
Track 3 length:0
Track 3 message:null
Random data:ï¿½ï¿½_/ï¿½aï¿½
Card serial No.:01
IC card data:9F02060000000055009F2608F4635CBDB7EE65969F2701809F10200FB501A0004004000000000000000000000000000000000000000000000000009F3704CEC485F99F360200E1950504000400009A032601229C01005F2A020356820219009F1A0203569F03060000000000009F330360D0C89F34034203009F3501229F1E086D665F36306220208407A00000052410109F090200029F4104000000039F120B5275506179204465626974500B527550617920446562697457106080251300001806D28122262570010F
PIN length:4
PIN Ciphertext:1C64D2A1732D339F

[] - [] - [] Completing Transaction
[] - [] - [] final responseChipData data : [911037374233443942443030383030303030, 8A023030]
[] - [] - [] setting EMV response card data...
[] - [] - [] Transaction approved online
[] - [] - [] response code : 0
[] - [] - [] authData : 9110373742334439424430303830303030308A02303003083030
[] - [] - [] Starting MfMp63WebApplication using Java 11.0.29 on MI-20151052625 with PID 7784 (D:\addlnUtils\mf-pos-impl\morefun-pos-implementation\build\classes\java\main started by Raghavendra in D:\addlnUtils\mf-pos-impl\morefun-pos-implementation)
[] - [] - [] No active profile set, falling back to 1 default profile: "default"
[] - [] - [] Tomcat initialized with port(s): 8897 (http)
[] - [] - [] Initializing ProtocolHandler ["http-nio-8897"]
[] - [] - [] Starting service [Tomcat]
[] - [] - [] Starting Servlet engine: [Apache Tomcat/9.0.71]
[] - [] - [] Initializing Spring embedded WebApplicationContext
[] - [] - [] Root WebApplicationContext: initialization completed in 2442 ms
[] - [] - [] Exposing 14 endpoint(s) beneath base path '/actuator'
[] - [] - [] Starting ProtocolHandler ["http-nio-8897"]
[] - [] - [] Tomcat started on port(s): 8897 (http) with context path '/mp63'
[] - [] - [] Started MfMp63WebApplication in 6.617 seconds (JVM running for 7.014)
[] - [] - [] Initializing Spring DispatcherServlet 'dispatcherServlet'
[] - [] - [] Initializing Servlet 'dispatcherServlet'
[] - [] - [] Completed initialization in 2 ms
[] - [] - [] Initiating Card Transaction
[] - [] - [] keyIndexResp : Set key index success
[] - [] - [] loadDtmkResp : false
[] - [] - [] loadTmkResp : true
[] - [] - [] loadWorkekyResp : false
[] - [] - [] card result : Communication results:NOERROR
Card type:6
Explanation by card type:Error
Whether FallBack:No
Main account:null
Card validity:null
Service code:null
Track 2 length:0
Track 2 message:null
Track 3 length:0
Track 3 message:null
Random data:ï¿½2ï¿½?ï¿½Cï¿½v
Card serial No.:null
IC card data:null
PIN length:0
PIN Ciphertext:null

[] - [] - [] Initiating Card Transaction
[] - [] - [] keyIndexResp : Set key index success
[] - [] - [] loadDtmkResp : false
[] - [] - [] loadTmkResp : true
[] - [] - [] loadWorkekyResp : false
[] - [] - [] card result : Communication results:NOERROR
Card type:2
Explanation by card type:Insert card
Whether FallBack:No
Main account:5129670200667314
Card validity:2812
Service code:126
Track 2 length:31
Track 2 message:5129670200667314D28121260015150F
Track 3 length:0
Track 3 message:null
Random data:G<Ü™ï¿½ï¿½,
Card serial No.:00
IC card data:9F02060000000055009F2608EBB46B1B8C7B24039F2701809F10120110A00001240400000000000000000000FF9F3704AFFD5C2C9F36020110950504800480009A032601229C01005F2A020408820239009F1A0204089F03060000000000009F330360D0C89F34034203009F3501229F1E086D665F36306220208407A00000000410109F090200209F4104000000029F12104465626974204D61737465726361726450104465626974204D61737465726361726457105129670200667314D28121260015150F
PIN length:4
PIN Ciphertext:328609D1768D4D0E

[] - [] - [] Completing Transaction
[] - [] - [] final responseChipData data : [911037374233443942443030383030303030, 8A023030]
[] - [] - [] setting EMV response card data...
[] - [] - [] Transaction approved online
[] - [] - [] response code : 0
[] - [] - [] authData : 9110373742334439424430303830303030308A02303003083030
[] - [] - [] Initiating Card Transaction
[] - [] - [] keyIndexResp : Set key index success
[] - [] - [] loadDtmkResp : false
[] - [] - [] loadTmkResp : true
[] - [] - [] loadWorkekyResp : false
[] - [] - [] card result : Communication results:NOERROR
Card type:6
Explanation by card type:Error
Whether FallBack:No
Main account:null
Card validity:null
Service code:null
Track 2 length:0
Track 2 message:null
Track 3 length:0
Track 3 message:null
Random data:ï¿½
/ï¿½r`
Card serial No.:null
IC card data:null
PIN length:0
PIN Ciphertext:null

[] - [] - [] Initiating Card Transaction
[] - [] - [] keyIndexResp : Set key index success
[] - [] - [] loadDtmkResp : false
[] - [] - [] loadTmkResp : true
[] - [] - [] loadWorkekyResp : false
[] - [] - [] card result : Communication results:NOERROR
Card type:2
Explanation by card type:Insert card
Whether FallBack:No
Main account:4160210100806580
Card validity:2812
Service code:226
Track 2 length:31
Track 2 message:4160210100806580D28122260016020F
Track 3 length:0
Track 3 message:null
Random data:ï¿½ï¿½ï¿½%_ï¿½+ï¿½
Card serial No.:01
IC card data:9F02060000000055009F26086C956189B4AB59E29F2701809F100706011203A0B8049F3704ACC505089F3602082A950508800480009A032601229C01005F2A020408820238009F1A0204089F03060000000000009F330360D0C89F34034203009F3501229F1E086D665F36306220208407A00000000310109F090200209F4104000000049F120A56697361204465626974500A5669736120446562697457104160210100806580D28122260016020F
PIN length:4
PIN Ciphertext:FD3B9FBDD865078E

[] - [] - [] Completing Transaction
[] - [] - [] final responseChipData data : [911037374233443942443030383030303030, 8A023030]
[] - [] - [] setting EMV response card data...
[] - [] - [] Transaction approved online
[] - [] - [] response code : 0
[] - [] - [] authData : 9110373742334439424430303830303030308A02303003083030
[] - [] - [] Initiating Card Transaction
[] - [] - [] keyIndexResp : Set key index success
[] - [] - [] loadDtmkResp : false
[] - [] - [] loadTmkResp : true
[] - [] - [] loadWorkekyResp : false
[] - [] - [] card result : Communication results:NOERROR
Card type:6
Explanation by card type:Error
Whether FallBack:No
Main account:null
Card validity:null
Service code:null
Track 2 length:0
Track 2 message:null
Track 3 length:0
Track 3 message:null
Random data:ï¿½ï¿½ï¿½wYï¿½

Card serial No.:null
IC card data:null
PIN length:0
PIN Ciphertext:null

[] - [] - [] Initiating Card Transaction
[] - [] - [] keyIndexResp : Set key index success
[] - [] - [] loadDtmkResp : false
[] - [] - [] loadTmkResp : true
[] - [] - [] loadWorkekyResp : false
[] - [] - [] card result : Communication results:NOERROR
Card type:6
Explanation by card type:Error
Whether FallBack:No
Main account:null
Card validity:null
Service code:null
Track 2 length:0
Track 2 message:null
Track 3 length:0
Track 3 message:null
Random data:ï¿½ï¿½ï¿½Yï¿½V/w
Card serial No.:null
IC card data:null
PIN length:0
PIN Ciphertext:null

[] - [] - [] Starting MfMp63WebApplication using Java 11.0.29 on MI-20151052625 with PID 12940 (D:\addlnUtils\mf-pos-impl\morefun-pos-implementation\build\classes\java\main started by Raghavendra in D:\addlnUtils\mf-pos-impl\morefun-pos-implementation)
[] - [] - [] No active profile set, falling back to 1 default profile: "default"
[] - [] - [] Tomcat initialized with port(s): 8897 (http)
[] - [] - [] Initializing ProtocolHandler ["http-nio-8897"]
[] - [] - [] Starting service [Tomcat]
[] - [] - [] Starting Servlet engine: [Apache Tomcat/9.0.71]
[] - [] - [] Initializing Spring embedded WebApplicationContext
[] - [] - [] Root WebApplicationContext: initialization completed in 2319 ms
[] - [] - [] Exposing 14 endpoint(s) beneath base path '/actuator'
[] - [] - [] Starting ProtocolHandler ["http-nio-8897"]
[] - [] - [] Tomcat started on port(s): 8897 (http) with context path '/mp63'
[] - [] - [] Started MfMp63WebApplication in 4.614 seconds (JVM running for 12.866)
[] - [] - [] Initializing Spring DispatcherServlet 'dispatcherServlet'
[] - [] - [] Initializing Servlet 'dispatcherServlet'
[] - [] - [] Completed initialization in 1 ms
[] - [] - [] Initiating Card Transaction
[] - [] - [] keyIndexResp : Set key index success
[] - [] - [] loadDtmkResp : false
[] - [] - [] loadTmkResp : true
[] - [] - [] loadWorkekyResp : false
[] - [] - [] card result : Communication results:NOERROR
Card type:6
Explanation by card type:Error
Whether FallBack:No
Main account:null
Card validity:null
Service code:null
Track 2 length:0
Track 2 message:null
Track 3 length:0
Track 3 message:null
Random data:F[ï¿½ï¿½ï¿½9
Card serial No.:null
IC card data:null
PIN length:0
PIN Ciphertext:null

[] - [] - [] Initiating Card Transaction
[] - [] - [] keyIndexResp : Set key index success
[] - [] - [] loadDtmkResp : false
[] - [] - [] loadTmkResp : true
[] - [] - [] loadWorkekyResp : false
[] - [] - [] card result : Communication results:NOERROR
Card type:2
Explanation by card type:Insert card
Whether FallBack:No
Main account:4160210100806580
Card validity:2812
Service code:226
Track 2 length:31
Track 2 message:4160210100806580D28122260016020F
Track 3 length:0
Track 3 message:null
Random data:`0ï¿½ï¿½d@ï¿½ï¿½
Card serial No.:01
IC card data:9F02060000000055009F26085B3244D7DFFD1DA59F2701809F100706011203A0B8049F3704CDB52E379F3602082B950508800480009A032601229C01005F2A020408820238009F1A0204089F03060000000000009F330360D0C89F34034203009F3501229F1E086D665F36306220208407A00000000310109F090200209F4104000000029F120A56697361204465626974500A5669736120446562697457104160210100806580D28122260016020F
PIN length:4
PIN Ciphertext:7A3E8A6865CFEABA

[] - [] - [] Initiating Card Transaction
[] - [] - [] keyIndexResp : Set key index success
[] - [] - [] loadDtmkResp : false
[] - [] - [] loadTmkResp : true
[] - [] - [] loadWorkekyResp : false
[] - [] - [] card result : Communication results:NOERROR
Card type:2
Explanation by card type:Insert card
Whether FallBack:No
Main account:5129670200667314
Card validity:2812
Service code:126
Track 2 length:31
Track 2 message:5129670200667314D28121260015150F
Track 3 length:0
Track 3 message:null
Random data:&ï¿½*ï¿½'I+
Card serial No.:00
IC card data:9F02060000000055009F260834E3978FD2005FF79F2701809F10120110A00001240400000000000000000000FF9F37044EE7A57C9F36020111950504800480009A032601229C01005F2A020408820239009F1A0204089F03060000000000009F330360D0C89F34034203009F3501229F1E086D665F36306220208407A00000000410109F090200209F4104000000039F12104465626974204D61737465726361726450104465626974204D61737465726361726457105129670200667314D28121260015150F
PIN length:4
PIN Ciphertext:F2A177A505A5D44D

[] - [] - [] Initiating Card Transaction
[] - [] - [] keyIndexResp : Set key index success
[] - [] - [] loadDtmkResp : false
[] - [] - [] loadTmkResp : true
[] - [] - [] loadWorkekyResp : false
[] - [] - [] card result : Communication results:NOERROR
Card type:6
Explanation by card type:Error
Whether FallBack:No
Main account:null
Card validity:null
Service code:null
Track 2 length:0
Track 2 message:null
Track 3 length:0
Track 3 message:null
Random data:ï¿½uï¿½ï¿½{eï¿½
Card serial No.:null
IC card data:null
PIN length:0
PIN Ciphertext:null

[] - [] - [] Starting MfMp63WebApplication using Java 11.0.29 on MI-20151052625 with PID 27228 (D:\addlnUtils\mf-pos-impl\morefun-pos-implementation\build\classes\java\main started by Raghavendra in D:\addlnUtils\mf-pos-impl\morefun-pos-implementation)
[] - [] - [] No active profile set, falling back to 1 default profile: "default"
[] - [] - [] Tomcat initialized with port(s): 8897 (http)
[] - [] - [] Initializing ProtocolHandler ["http-nio-8897"]
[] - [] - [] Starting service [Tomcat]
[] - [] - [] Starting Servlet engine: [Apache Tomcat/9.0.71]
[] - [] - [] Initializing Spring embedded WebApplicationContext
[] - [] - [] Root WebApplicationContext: initialization completed in 2209 ms
[] - [] - [] Exposing 14 endpoint(s) beneath base path '/actuator'
[] - [] - [] Starting ProtocolHandler ["http-nio-8897"]
[] - [] - [] Tomcat started on port(s): 8897 (http) with context path '/mp63'
[] - [] - [] Started MfMp63WebApplication in 4.564 seconds (JVM running for 4.997)
[] - [] - [] Initializing Spring DispatcherServlet 'dispatcherServlet'
[] - [] - [] Initializing Servlet 'dispatcherServlet'
[] - [] - [] Completed initialization in 2 ms
[] - [] - [] Initiating Card Transaction
[] - [] - [] keyIndexResp : Set key index success
[] - [] - [] loadDtmkResp : false
[] - [] - [] loadTmkResp : true
[] - [] - [] loadWorkekyResp : false
[] - [] - [] card result : Communication results:NOERROR
Card type:6
Explanation by card type:Error
Whether FallBack:No
Main account:null
Card validity:null
Service code:null
Track 2 length:0
Track 2 message:null
Track 3 length:0
Track 3 message:null
Random data:ï¿½3ï¿½!x`ï¿½ï¿½
Card serial No.:null
IC card data:null
PIN length:0
PIN Ciphertext:null

[] - [] - [] Initiating Card Transaction
[] - [] - [] keyIndexResp : Set key index success
[] - [] - [] loadDtmkResp : false
[] - [] - [] loadTmkResp : true
[] - [] - [] loadWorkekyResp : false
[] - [] - [] card result : Communication results:NOERROR
Card type:6
Explanation by card type:Error
Whether FallBack:No
Main account:null
Card validity:null
Service code:null
Track 2 length:0
Track 2 message:null
Track 3 length:0
Track 3 message:null
Random data:\G0r0vz
Card serial No.:null
IC card data:null
PIN length:0
PIN Ciphertext:null

[] - [] - [] Initiating Card Transaction
[] - [] - [] keyIndexResp : Set key index success
[] - [] - [] loadDtmkResp : false
[] - [] - [] loadTmkResp : true
[] - [] - [] loadWorkekyResp : false
[] - [] - [] card result : Communication results:NOERROR
Card type:2
Explanation by card type:Insert card
Whether FallBack:No
Main account:6080251300001806
Card validity:2812
Service code:226
Track 2 length:31
Track 2 message:6080251300001806D28122262570010F
Track 3 length:0
Track 3 message:null
Random data:ï¿½Lg?ï¿½ï¿½ï¿½
Card serial No.:01
IC card data:9F02060000000055009F2608DF36F2A7C7F659CE9F2701809F10200FB501A0008004000000000000000000000000000000000000000000000000009F3704217074619F360200E9950504000400009A032601229C01005F2A020356820219009F1A0203569F03060000000000009F330360D0C89F34034203009F3501229F1E086D665F36306220208407A00000052410109F090200029F4104000000079F120B5275506179204465626974500B527550617920446562697457106080251300001806D28122262570010F
PIN length:4
PIN Ciphertext:1C64D2A1732D339F

[] - [] - [] Initiating Card Transaction
[] - [] - [] keyIndexResp : Set key index success
[] - [] - [] loadDtmkResp : false
[] - [] - [] loadTmkResp : true
[] - [] - [] loadWorkekyResp : true
[] - [] - [] card result : Communication results:NOERROR
Card type:2
Explanation by card type:Insert card
Whether FallBack:No
Main account:6080251300001806
Card validity:2812
Service code:226
Track 2 length:31
Track 2 message:6080251300001806D28122262570010F
Track 3 length:0
Track 3 message:null
Random data:ï¿½Hï¿½ï¿½Kï¿½ï¿½
Card serial No.:01
IC card data:9F02060000000055009F2608A51D2BBD4507DE409F2701809F10200FB501A0018004000000000000000000000000000000000000000000000000009F3704900782949F360200EA950504000400009A032601229C01005F2A020356820219009F1A0203569F03060000000000009F330360D0C89F34034203009F3501229F1E086D665F36306220208407A00000052410109F090200029F4104000000089F120B5275506179204465626974500B527550617920446562697457106080251300001806D28122262570010F
PIN length:4
PIN Ciphertext:5B7084FE6C60EE85

[] - [] - [] Initiating Card Transaction
[] - [] - [] keyIndexResp : Set key index success
[] - [] - [] loadDtmkResp : false
[] - [] - [] loadTmkResp : true
[] - [] - [] loadWorkekyResp : true
[] - [] - [] Starting MfMp63WebApplication using Java 11.0.29 on MI-20151052625 with PID 23380 (D:\addlnUtils\mf-pos-impl\morefun-pos-implementation\build\classes\java\main started by Raghavendra in D:\addlnUtils\mf-pos-impl\morefun-pos-implementation)
[] - [] - [] No active profile set, falling back to 1 default profile: "default"
[] - [] - [] Tomcat initialized with port(s): 8897 (http)
[] - [] - [] Initializing ProtocolHandler ["http-nio-8897"]
[] - [] - [] Starting service [Tomcat]
[] - [] - [] Starting Servlet engine: [Apache Tomcat/9.0.71]
[] - [] - [] Initializing Spring embedded WebApplicationContext
[] - [] - [] Root WebApplicationContext: initialization completed in 2603 ms
[] - [] - [] Exposing 14 endpoint(s) beneath base path '/actuator'
[] - [] - [] Starting ProtocolHandler ["http-nio-8897"]
[] - [] - [] Tomcat started on port(s): 8897 (http) with context path '/mp63'
[] - [] - [] Started MfMp63WebApplication in 6.61 seconds (JVM running for 6.999)
[] - [] - [] Initializing Spring DispatcherServlet 'dispatcherServlet'
[] - [] - [] Initializing Servlet 'dispatcherServlet'
[] - [] - [] Completed initialization in 1 ms
[] - [] - [] Initiating Card Transaction
[] - [] - [] keyIndexResp : Set key index success
[] - [] - [] loadDtmkResp : false
[] - [] - [] loadTmkResp : true
[] - [] - [] loadWorkekyResp : true
[] - [] - [] card result : Communication results:NOERROR
Card type:2
Explanation by card type:Insert card
Whether FallBack:No
Main account:6080251300001806
Card validity:2812
Service code:226
Track 2 length:31
Track 2 message:6080251300001806D28122262570010F
Track 3 length:0
Track 3 message:null
Random data:rï¿½	ï¿½~Ú¶ï¿½
Card serial No.:01
IC card data:9F02060000000055009F2608B4162FD98ADA83FD9F2701809F10200FB501A0018004000000000000000000000000000000000000000000000000009F3704DA6336D99F360200EB950504000400009A032601229C01005F2A020356820219009F1A0203569F03060000000000009F330360D0C89F34034203009F3501229F1E086D665F36306220208407A00000052410109F090200029F4104000000099F120B5275506179204465626974500B527550617920446562697457106080251300001806D28122262570010F
PIN length:4
PIN Ciphertext:5B7084FE6C60EE85

[] - [] - [] Initiating Card Transaction
[] - [] - [] keyIndexResp : Set key index success
[] - [] - [] Starting MfMp63WebApplication using Java 11.0.29 on MI-20151052625 with PID 26008 (D:\addlnUtils\mf-pos-impl\morefun-pos-implementation\build\classes\java\main started by Raghavendra in D:\addlnUtils\mf-pos-impl\morefun-pos-implementation)
[] - [] - [] No active profile set, falling back to 1 default profile: "default"
[] - [] - [] Tomcat initialized with port(s): 8897 (http)
[] - [] - [] Initializing ProtocolHandler ["http-nio-8897"]
[] - [] - [] Starting service [Tomcat]
[] - [] - [] Starting Servlet engine: [Apache Tomcat/9.0.71]
[] - [] - [] Initializing Spring embedded WebApplicationContext
[] - [] - [] Root WebApplicationContext: initialization completed in 2221 ms
[] - [] - [] Exposing 14 endpoint(s) beneath base path '/actuator'
[] - [] - [] Starting ProtocolHandler ["http-nio-8897"]
[] - [] - [] Tomcat started on port(s): 8897 (http) with context path '/mp63'
[] - [] - [] Started MfMp63WebApplication in 5.023 seconds (JVM running for 5.435)
[] - [] - [] Initializing Spring DispatcherServlet 'dispatcherServlet'
[] - [] - [] Initializing Servlet 'dispatcherServlet'
[] - [] - [] Completed initialization in 5 ms
[] - [] - [] Starting MfMp63WebApplication using Java 11.0.29 on MI-20151052625 with PID 20812 (D:\addlnUtils\mf-pos-impl\morefun-pos-implementation\build\classes\java\main started by Raghavendra in D:\addlnUtils\mf-pos-impl\morefun-pos-implementation)
[] - [] - [] No active profile set, falling back to 1 default profile: "default"
[] - [] - [] Tomcat initialized with port(s): 8897 (http)
[] - [] - [] Initializing ProtocolHandler ["http-nio-8897"]
[] - [] - [] Starting service [Tomcat]
[] - [] - [] Starting Servlet engine: [Apache Tomcat/9.0.71]
[] - [] - [] Initializing Spring embedded WebApplicationContext
[] - [] - [] Root WebApplicationContext: initialization completed in 2584 ms
[] - [] - [] Exposing 14 endpoint(s) beneath base path '/actuator'
[] - [] - [] Starting ProtocolHandler ["http-nio-8897"]
[] - [] - [] Tomcat started on port(s): 8897 (http) with context path '/mp63'
[] - [] - [] Started MfMp63WebApplication in 5.297 seconds (JVM running for 5.727)
[] - [] - [] Initializing Spring DispatcherServlet 'dispatcherServlet'
[] - [] - [] Initializing Servlet 'dispatcherServlet'
[] - [] - [] Completed initialization in 6 ms
[] - [] - [] Initiating Card Transaction
[] - [] - [] keyIndexResp : Set key index success
[] - [] - [] Starting MfMp63WebApplication using Java 11.0.29 on MI-20151052625 with PID 14656 (D:\addlnUtils\mf-pos-impl\morefun-pos-implementation\build\classes\java\main started by Raghavendra in D:\addlnUtils\mf-pos-impl\morefun-pos-implementation)
[] - [] - [] No active profile set, falling back to 1 default profile: "default"
[] - [] - [] Tomcat initialized with port(s): 8897 (http)
[] - [] - [] Initializing ProtocolHandler ["http-nio-8897"]
[] - [] - [] Starting service [Tomcat]
[] - [] - [] Starting Servlet engine: [Apache Tomcat/9.0.71]
[] - [] - [] Initializing Spring embedded WebApplicationContext
[] - [] - [] Root WebApplicationContext: initialization completed in 1470 ms
[] - [] - [] Exposing 14 endpoint(s) beneath base path '/actuator'
[] - [] - [] Starting ProtocolHandler ["http-nio-8897"]
[] - [] - [] Tomcat started on port(s): 8897 (http) with context path '/mp63'
[] - [] - [] Started MfMp63WebApplication in 3.024 seconds (JVM running for 3.366)
[] - [] - [] Initializing Spring DispatcherServlet 'dispatcherServlet'
[] - [] - [] Initializing Servlet 'dispatcherServlet'
[] - [] - [] Completed initialization in 5 ms
[] - [] - [] Initiating Card Transaction
[] - [] - [] keyIndexResp : Set key index success
[] - [] - [] loadDtmkResp : false
[] - [] - [] loadTmkResp : true
[] - [] - [] loadWorkekyResp : true
[] - [] - [] card result : Communication results:NOERROR
Card type:2
Explanation by card type:Insert card
Whether FallBack:No
Main account:6080251300001806
Card validity:2812
Service code:226
Track 2 length:31
Track 2 message:6080251300001806D28122262570010F
Track 3 length:0
Track 3 message:null
Random data:ï¿½ï¿½ï¿½&/h
Card serial No.:01
IC card data:9F02060000000055009F260838851EB83447068F9F2701809F10200FB501A0018004000000000000000000000000000000000000000000000000009F37043B312F539F360200EC950504000400009A032601229C01005F2A020356820219009F1A0203569F03060000000000009F330360D0C89F34034203009F3501229F1E086D665F36306220208407A00000052410109F090200029F4104000000109F120B5275506179204465626974500B527550617920446562697457106080251300001806D28122262570010F
PIN length:4
PIN Ciphertext:33BD58A23234428A

[] - [] - [] Starting MfMp63WebApplication using Java 11.0.29 on MI-20151052625 with PID 20332 (D:\addlnUtils\mf-pos-impl\morefun-pos-implementation\build\classes\java\main started by Raghavendra in D:\addlnUtils\mf-pos-impl\morefun-pos-implementation)
[] - [] - [] No active profile set, falling back to 1 default profile: "default"
[] - [] - [] Tomcat initialized with port(s): 8897 (http)
[] - [] - [] Initializing ProtocolHandler ["http-nio-8897"]
[] - [] - [] Starting service [Tomcat]
[] - [] - [] Starting Servlet engine: [Apache Tomcat/9.0.71]
[] - [] - [] Initializing Spring embedded WebApplicationContext
[] - [] - [] Root WebApplicationContext: initialization completed in 1441 ms
[] - [] - [] Exposing 14 endpoint(s) beneath base path '/actuator'
[] - [] - [] Starting ProtocolHandler ["http-nio-8897"]
[] - [] - [] Tomcat started on port(s): 8897 (http) with context path '/mp63'
[] - [] - [] Started MfMp63WebApplication in 3.064 seconds (JVM running for 3.406)
[] - [] - [] Initializing Spring DispatcherServlet 'dispatcherServlet'
[] - [] - [] Initializing Servlet 'dispatcherServlet'
[] - [] - [] Completed initialization in 2 ms
[] - [] - [] Initiating Card Transaction
[] - [] - [] keyIndexResp : Set key index success
[] - [] - [] loadDtmkResp : false
[] - [] - [] loadTmkResp : true
[] - [] - [] loadWorkekyResp : true
[] - [] - [] card result : Communication results:NOERROR
Card type:2
Explanation by card type:Insert card
Whether FallBack:No
Main account:6080251300001806
Card validity:2812
Service code:226
Track 2 length:31
Track 2 message:6080251300001806D28122262570010F
Track 3 length:0
Track 3 message:null
Random data:ï¿½ï¿½cXï¿½Htï¿½
Card serial No.:01
IC card data:9F02060000000055009F2608A5723EB94640D6059F2701809F10200FB501A0018004000000000000000000000000000000000000000000000000009F370482C4D16E9F360200ED950504000400009A032601229C01005F2A020356820219009F1A0203569F03060000000000009F330360D0C89F34034203009F3501229F1E086D665F36306220208407A00000052410109F090200029F4104000000119F120B5275506179204465626974500B527550617920446562697457106080251300001806D28122262570010F
PIN length:4
PIN Ciphertext:5B7084FE6C60EE85

[] - [] - [] Starting MfMp63WebApplication using Java 11.0.29 on MI-20151052625 with PID 22924 (D:\addlnUtils\mf-pos-impl\morefun-pos-implementation\build\classes\java\main started by Raghavendra in D:\addlnUtils\mf-pos-impl\morefun-pos-implementation)
[] - [] - [] No active profile set, falling back to 1 default profile: "default"
[] - [] - [] Tomcat initialized with port(s): 8897 (http)
[] - [] - [] Initializing ProtocolHandler ["http-nio-8897"]
[] - [] - [] Starting service [Tomcat]
[] - [] - [] Starting Servlet engine: [Apache Tomcat/9.0.71]
[] - [] - [] Initializing Spring embedded WebApplicationContext
[] - [] - [] Root WebApplicationContext: initialization completed in 1442 ms
[] - [] - [] Exposing 14 endpoint(s) beneath base path '/actuator'
[] - [] - [] Starting ProtocolHandler ["http-nio-8897"]
[] - [] - [] Tomcat started on port(s): 8897 (http) with context path '/mp63'
[] - [] - [] Started MfMp63WebApplication in 2.938 seconds (JVM running for 3.247)
[] - [] - [] Initializing Spring DispatcherServlet 'dispatcherServlet'
[] - [] - [] Initializing Servlet 'dispatcherServlet'
[] - [] - [] Completed initialization in 2 ms
[] - [] - [] Initiating Card Transaction
[] - [] - [] keyIndexResp : Set key index success
[] - [] - [] loadDtmkResp : false
[] - [] - [] loadTmkResp : true
[] - [] - [] loadWorkekyResp : true
[] - [] - [] card result : Communication results:NOERROR
Card type:2
Explanation by card type:Insert card
Whether FallBack:No
Main account:6080251300001806
Card validity:2812
Service code:226
Track 2 length:31
Track 2 message:6080251300001806D28122262570010F
Track 3 length:0
Track 3 message:null
Random data:cÅ¨cP
Card serial No.:01
IC card data:9F02060000000055009F260817877FF07490ACDB9F2701809F10200FB501A0018004000000000000000000000000000000000000000000000000009F37042436A6DC9F360200EE950504000400009A032601229C01005F2A020356820219009F1A0203569F03060000000000009F330360D0C89F34034203009F3501229F1E086D665F36306220208407A00000052410109F090200029F4104000000129F120B5275506179204465626974500B527550617920446562697457106080251300001806D28122262570010F
PIN length:4
PIN Ciphertext:B6519F142895864F

[] - [] - [] Starting MfMp63WebApplication using Java 11.0.29 on MI-20151052625 with PID 22736 (D:\addlnUtils\mf-pos-impl\morefun-pos-implementation\build\classes\java\main started by Raghavendra in D:\addlnUtils\mf-pos-impl\morefun-pos-implementation)
[] - [] - [] No active profile set, falling back to 1 default profile: "default"
[] - [] - [] Tomcat initialized with port(s): 8897 (http)
[] - [] - [] Initializing ProtocolHandler ["http-nio-8897"]
[] - [] - [] Starting service [Tomcat]
[] - [] - [] Starting Servlet engine: [Apache Tomcat/9.0.71]
[] - [] - [] Initializing Spring embedded WebApplicationContext
[] - [] - [] Root WebApplicationContext: initialization completed in 2248 ms
[] - [] - [] Exposing 14 endpoint(s) beneath base path '/actuator'
[] - [] - [] Starting ProtocolHandler ["http-nio-8897"]
[] - [] - [] Tomcat started on port(s): 8897 (http) with context path '/mp63'
[] - [] - [] Started MfMp63WebApplication in 4.939 seconds (JVM running for 5.336)
[] - [] - [] Initializing Spring DispatcherServlet 'dispatcherServlet'
[] - [] - [] Initializing Servlet 'dispatcherServlet'
[] - [] - [] Completed initialization in 0 ms
[] - [] - [] Initiating Card Transaction
[] - [] - [] keyIndexResp : Set key index success
[] - [] - [] loadDtmkResp : false
[] - [] - [] loadTmkResp : true
[] - [] - [] loadWorkekyResp : true
[] - [] - [] card result : Communication results:NOERROR
Card type:2
Explanation by card type:Insert card
Whether FallBack:No
Main account:6080251300001806
Card validity:2812
Service code:226
Track 2 length:31
Track 2 message:6080251300001806D28122262570010F
Track 3 length:0
Track 3 message:null
Random data:ï¿½ï¿½ï¿½ï¿½'ï¿½
Card serial No.:01
IC card data:9F02060000000055009F2608782CEA2FB6B3ECFA9F2701809F10200FB501A0018004000000000000000000000000000000000000000000000000009F3704C75BE6969F360200EF950504000400009A032601229C01005F2A020356820219009F1A0203569F03060000000000009F330360D0C89F34034203009F3501229F1E086D665F36306220208407A00000052410109F090200029F4104000000019F120B5275506179204465626974500B527550617920446562697457106080251300001806D28122262570010F
PIN length:4
PIN Ciphertext:0FDA439B3B16A6A3

[] - [] - [] Starting MfMp63WebApplication using Java 11.0.29 on MI-20151052625 with PID 10556 (D:\addlnUtils\mf-pos-impl\morefun-pos-implementation\build\classes\java\main started by Raghavendra in D:\addlnUtils\mf-pos-impl\morefun-pos-implementation)
[] - [] - [] No active profile set, falling back to 1 default profile: "default"
[] - [] - [] Tomcat initialized with port(s): 8897 (http)
[] - [] - [] Initializing ProtocolHandler ["http-nio-8897"]
[] - [] - [] Starting service [Tomcat]
[] - [] - [] Starting Servlet engine: [Apache Tomcat/9.0.71]
[] - [] - [] Initializing Spring embedded WebApplicationContext
[] - [] - [] Root WebApplicationContext: initialization completed in 2816 ms
[] - [] - [] Exposing 14 endpoint(s) beneath base path '/actuator'
[] - [] - [] Starting ProtocolHandler ["http-nio-8897"]
[] - [] - [] Tomcat started on port(s): 8897 (http) with context path '/mp63'
[] - [] - [] Started MfMp63WebApplication in 5.273 seconds (JVM running for 12.745)
[] - [] - [] Initializing Spring DispatcherServlet 'dispatcherServlet'
[] - [] - [] Initializing Servlet 'dispatcherServlet'
[] - [] - [] Completed initialization in 1 ms
[] - [] - [] Initiating Card Transaction
[] - [] - [] keyIndexResp : Set key index success
[] - [] - [] loadDtmkResp : false
[] - [] - [] loadTmkResp : true
[] - [] - [] loadWorkekyResp : true
[] - [] - [] card result : Communication results:NOERROR
Card type:2
Explanation by card type:Insert card
Whether FallBack:No
Main account:6080251300001806
Card validity:2812
Service code:226
Track 2 length:31
Track 2 message:6080251300001806D28122262570010F
Track 3 length:0
Track 3 message:null
Random data:ï¿½B(ï¿½Ñ³}O
Card serial No.:01
IC card data:9F02060000000055009F26084DC61CA6F5D54D5D9F2701809F10200FB501A0018004000000000000000000000000000000000000000000000000009F370403E975719F360200F0950504000400009A032601239C01005F2A020356820219009F1A0203569F03060000000000009F330360D0C89F34034203009F3501229F1E086D665F36306220208407A00000052410109F090200029F4104000000019F120B5275506179204465626974500B527550617920446562697457106080251300001806D28122262570010F
PIN length:4
PIN Ciphertext:5B7084FE6C60EE85

[] - [] - [] Initiating Card Transaction
[] - [] - [] keyIndexResp : Set key index success
[] - [] - [] loadDtmkResp : false
[] - [] - [] loadTmkResp : true
[] - [] - [] loadWorkekyResp : true
[] - [] - [] card result : Communication results:NOERROR
Card type:2
Explanation by card type:Insert card
Whether FallBack:No
Main account:6080251300001806
Card validity:2812
Service code:226
Track 2 length:31
Track 2 message:6080251300001806D28122262570010F
Track 3 length:0
Track 3 message:null
Random data:G.ï¿½ï¿½{ï¿½%
Card serial No.:01
IC card data:9F02060000000055009F26089B741C63861EA6589F2701809F10200FB501A0018004000000000000000000000000000000000000000000000000009F3704DA5444A09F360200F1950504000400009A032601239C01005F2A020356820219009F1A0203569F03060000000000009F330360D0C89F34034203009F3501229F1E086D665F36306220208407A00000052410109F090200029F4104000000029F120B5275506179204465626974500B527550617920446562697457106080251300001806D28122262570010F
PIN length:4
PIN Ciphertext:5B7084FE6C60EE85

[] - [] - [] Starting MfMp63WebApplication using Java 11.0.29 on MI-20151052625 with PID 7184 (D:\addlnUtils\mf-pos-impl\morefun-pos-implementation\build\classes\java\main started by Raghavendra in D:\addlnUtils\mf-pos-impl\morefun-pos-implementation)
[] - [] - [] No active profile set, falling back to 1 default profile: "default"
[] - [] - [] Tomcat initialized with port(s): 8897 (http)
[] - [] - [] Initializing ProtocolHandler ["http-nio-8897"]
[] - [] - [] Starting service [Tomcat]
[] - [] - [] Starting Servlet engine: [Apache Tomcat/9.0.71]
[] - [] - [] Initializing Spring embedded WebApplicationContext
[] - [] - [] Root WebApplicationContext: initialization completed in 2809 ms
[] - [] - [] Exposing 14 endpoint(s) beneath base path '/actuator'
[] - [] - [] Starting ProtocolHandler ["http-nio-8897"]
[] - [] - [] Tomcat started on port(s): 8897 (http) with context path '/mp63'
[] - [] - [] Started MfMp63WebApplication in 5.794 seconds (JVM running for 6.389)
[] - [] - [] Initializing Spring DispatcherServlet 'dispatcherServlet'
[] - [] - [] Initializing Servlet 'dispatcherServlet'
[] - [] - [] Completed initialization in 3 ms
[] - [] - [] Initiating Card Transaction
[] - [] - [] keyIndexResp : Set key index success
[] - [] - [] loadDtmkResp : false
[] - [] - [] loadTmkResp : true
[] - [] - [] loadWorkekyResp : true
[] - [] - [] card result : Communication results:NOERROR
Card type:2
Explanation by card type:Insert card
Whether FallBack:No
Main account:6080251300001806
Card validity:2812
Service code:226
Track 2 length:31
Track 2 message:6080251300001806D28122262570010F
Track 3 length:0
Track 3 message:null
Random data:rï¿½ï¿½ï¿½tï¿½b
Card serial No.:01
IC card data:9F02060000000055009F2608824872FFA7505BE19F2701809F10200FB501A0018004000000000000000000000000000000000000000000000000009F37043BE4BD3A9F360200F2950504000400009A032601239C01005F2A020356820219009F1A0203569F03060000000000009F330360D0C89F34034203009F3501229F1E086D665F36306220208407A00000052410109F090200029F4104000000039F120B5275506179204465626974500B527550617920446562697457106080251300001806D28122262570010F
PIN length:4
PIN Ciphertext:2348E9E38C54408F

[] - [] - [] Starting MfMp63WebApplication using Java 11.0.29 on MI-20151052625 with PID 17304 (D:\addlnUtils\mf-pos-impl\morefun-pos-implementation\build\classes\java\main started by Raghavendra in D:\addlnUtils\mf-pos-impl\morefun-pos-implementation)
[] - [] - [] No active profile set, falling back to 1 default profile: "default"
[] - [] - [] Tomcat initialized with port(s): 8897 (http)
[] - [] - [] Initializing ProtocolHandler ["http-nio-8897"]
[] - [] - [] Starting service [Tomcat]
[] - [] - [] Starting Servlet engine: [Apache Tomcat/9.0.71]
[] - [] - [] Initializing Spring embedded WebApplicationContext
[] - [] - [] Root WebApplicationContext: initialization completed in 2592 ms
[] - [] - [] Exposing 14 endpoint(s) beneath base path '/actuator'
[] - [] - [] Starting ProtocolHandler ["http-nio-8897"]
[] - [] - [] Tomcat started on port(s): 8897 (http) with context path '/mp63'
[] - [] - [] Started MfMp63WebApplication in 5.241 seconds (JVM running for 5.958)
[] - [] - [] Initializing Spring DispatcherServlet 'dispatcherServlet'
[] - [] - [] Initializing Servlet 'dispatcherServlet'
[] - [] - [] Completed initialization in 1 ms
[] - [] - [] Initiating Card Transaction
[] - [] - [] keyIndexResp : Set key index success
[] - [] - [] loadDtmkResp : false
[] - [] - [] loadTmkResp : true
[] - [] - [] loadWorkekyResp : true
[] - [] - [] card result : Communication results:NOERROR
Card type:2
Explanation by card type:Insert card
Whether FallBack:No
Main account:6080251300001806
Card validity:2812
Service code:226
Track 2 length:31
Track 2 message:6080251300001806D28122262570010F
Track 3 length:0
Track 3 message:null
Random data:vï¿½sï¿½ï¿½(uI
Card serial No.:01
IC card data:9F02060000000055009F260819E39A7F62D3C53B9F2701809F10200FB501A0018004000000000000000000000000000000000000000000000000009F3704E53597549F360200F3950504000400009A032601239C01005F2A020356820219009F1A0203569F03060000000000009F330360D0C89F34034203009F3501229F1E086D665F36306220208407A00000052410109F090200029F4104000000019F120B5275506179204465626974500B527550617920446562697457106080251300001806D28122262570010F
PIN length:4
PIN Ciphertext:0FDA439B3B16A6A3

[] - [] - [] Initiating Card Transaction
[] - [] - [] keyIndexResp : Set key index success
[] - [] - [] loadDtmkResp : false
[] - [] - [] loadTmkResp : true
[] - [] - [] loadWorkekyResp : true
[] - [] - [] card result : Communication results:NOERROR
Card type:2
Explanation by card type:Insert card
Whether FallBack:No
Main account:6080251300001806
Card validity:2812
Service code:226
Track 2 length:31
Track 2 message:6080251300001806D28122262570010F
Track 3 length:0
Track 3 message:null
Random data:ï¿½?T?ï¿½$ï¿½
Card serial No.:01
IC card data:9F02060000000055009F260823E42423DE2A2D6E9F2701809F10200FB501A0004004000000000000000000000000000000000000000000000000009F3704D24C748F9F360200F5950504000400009A032601239C01005F2A020356820219009F1A0203569F03060000000000009F330360D0C89F34034203009F3501229F1E086D665F36306220208407A00000052410109F090200029F4104000000019F120B5275506179204465626974500B527550617920446562697457106080251300001806D28122262570010F
PIN length:4
PIN Ciphertext:9087C315307C7996

[] - [] - [] Starting MfMp63WebApplication using Java 11.0.29 on MI-20151052625 with PID 4732 (D:\addlnUtils\mf-pos-impl\morefun-pos-implementation\build\classes\java\main started by Raghavendra in D:\addlnUtils\mf-pos-impl\morefun-pos-implementation)
[] - [] - [] No active profile set, falling back to 1 default profile: "default"
[] - [] - [] Tomcat initialized with port(s): 8897 (http)
[] - [] - [] Initializing ProtocolHandler ["http-nio-8897"]
[] - [] - [] Starting service [Tomcat]
[] - [] - [] Starting Servlet engine: [Apache Tomcat/9.0.71]
[] - [] - [] Initializing Spring embedded WebApplicationContext
[] - [] - [] Root WebApplicationContext: initialization completed in 2473 ms
[] - [] - [] Exposing 14 endpoint(s) beneath base path '/actuator'
[] - [] - [] Starting ProtocolHandler ["http-nio-8897"]
[] - [] - [] Tomcat started on port(s): 8897 (http) with context path '/mp63'
[] - [] - [] Started MfMp63WebApplication in 4.817 seconds (JVM running for 5.386)
[] - [] - [] Initializing Spring DispatcherServlet 'dispatcherServlet'
[] - [] - [] Initializing Servlet 'dispatcherServlet'
[] - [] - [] Completed initialization in 2 ms
[] - [] - [] Initiating Card Transaction
[] - [] - [] keyIndexResp : Set key index success
[] - [] - [] loadDtmkResp : true
[] - [] - [] loadTmkResp : true
[] - [] - [] loadWorkekyResp : true
[] - [] - [] card result : Communication results:NOERROR
Card type:2
Explanation by card type:Insert card
Whether FallBack:No
Main account:6080251300001806
Card validity:2812
Service code:226
Track 2 length:31
Track 2 message:6080251300001806D28122262570010F
Track 3 length:0
Track 3 message:null
Random data:ï¿½;ï¿½ï¿½ï¿½@ï¿½
Card serial No.:01
IC card data:9F02060000000055009F2608CF8058418B31BB7A9F2701809F10200FB501A0014004000000000000000000000000000000000000000000000000009F3704CF3D44D29F360200F6950504000400009A032601239C01005F2A020356820219009F1A0203569F03060000000000009F330360D0C89F34034203009F3501229F1E086D665F36306220208407A00000052410109F090200029F4104000000019F120B5275506179204465626974500B527550617920446562697457106080251300001806D28122262570010F
PIN length:4
PIN Ciphertext:BCAFADB00F906D46

[] - [] - [] Starting MfMp63WebApplication using Java 11.0.29 on MI-20151052625 with PID 11324 (D:\addlnUtils\mf-pos-impl\morefun-pos-implementation\build\classes\java\main started by Raghavendra in D:\addlnUtils\mf-pos-impl\morefun-pos-implementation)
[] - [] - [] No active profile set, falling back to 1 default profile: "default"
[] - [] - [] Tomcat initialized with port(s): 8897 (http)
[] - [] - [] Initializing ProtocolHandler ["http-nio-8897"]
[] - [] - [] Starting service [Tomcat]
[] - [] - [] Starting Servlet engine: [Apache Tomcat/9.0.71]
[] - [] - [] Initializing Spring embedded WebApplicationContext
[] - [] - [] Root WebApplicationContext: initialization completed in 2420 ms
[] - [] - [] Exception encountered during context initialization - cancelling refresh attempt: org.springframework.beans.factory.UnsatisfiedDependencyException: Error creating bean with name 'cardController': Unsatisfied dependency expressed through field 'cardService'; nested exception is org.springframework.beans.factory.UnsatisfiedDependencyException: Error creating bean with name 'cardServiceImpl': Unsatisfied dependency expressed through field 'kcvGenerator'; nested exception is org.springframework.beans.factory.NoSuchBeanDefinitionException: No qualifying bean of type 'com.in.novopay.mf.hdfc.KCVUtility.KCVGenerator' available: expected at least 1 bean which qualifies as autowire candidate. Dependency annotations: {@org.springframework.beans.factory.annotation.Autowired(required=true)}
[] - [] - [] Stopping service [Tomcat]
[] - [] - [] 

Error starting ApplicationContext. To display the conditions report re-run your application with 'debug' enabled.
[] - [] - [] 

***************************
APPLICATION FAILED TO START
***************************

Description:

Field kcvGenerator in com.mf.mp63.service.CardServiceImpl required a bean of type 'com.in.novopay.mf.hdfc.KCVUtility.KCVGenerator' that could not be found.

The injection point has the following annotations:
	- @org.springframework.beans.factory.annotation.Autowired(required=true)


Action:

Consider defining a bean of type 'com.in.novopay.mf.hdfc.KCVUtility.KCVGenerator' in your configuration.

[] - [] - [] Starting MfMp63WebApplication using Java 11.0.29 on MI-20151052625 with PID 7636 (D:\addlnUtils\mf-pos-impl\morefun-pos-implementation\build\classes\java\main started by Raghavendra in D:\addlnUtils\mf-pos-impl\morefun-pos-implementation)
[] - [] - [] No active profile set, falling back to 1 default profile: "default"
[] - [] - [] Tomcat initialized with port(s): 8897 (http)
[] - [] - [] Initializing ProtocolHandler ["http-nio-8897"]
[] - [] - [] Starting service [Tomcat]
[] - [] - [] Starting Servlet engine: [Apache Tomcat/9.0.71]
[] - [] - [] Initializing Spring embedded WebApplicationContext
[] - [] - [] Root WebApplicationContext: initialization completed in 1466 ms
[] - [] - [] Exception encountered during context initialization - cancelling refresh attempt: org.springframework.beans.factory.UnsatisfiedDependencyException: Error creating bean with name 'cardController': Unsatisfied dependency expressed through field 'cardService'; nested exception is org.springframework.beans.factory.UnsatisfiedDependencyException: Error creating bean with name 'cardServiceImpl': Unsatisfied dependency expressed through field 'kcvGenerator'; nested exception is org.springframework.beans.factory.NoSuchBeanDefinitionException: No qualifying bean of type 'com.mf.mp63.util.KCVGenerator' available: expected at least 1 bean which qualifies as autowire candidate. Dependency annotations: {@org.springframework.beans.factory.annotation.Autowired(required=true)}
[] - [] - [] Stopping service [Tomcat]
[] - [] - [] 

Error starting ApplicationContext. To display the conditions report re-run your application with 'debug' enabled.
[] - [] - [] 

***************************
APPLICATION FAILED TO START
***************************

Description:

Field kcvGenerator in com.mf.mp63.service.CardServiceImpl required a bean of type 'com.mf.mp63.util.KCVGenerator' that could not be found.

The injection point has the following annotations:
	- @org.springframework.beans.factory.annotation.Autowired(required=true)


Action:

Consider defining a bean of type 'com.mf.mp63.util.KCVGenerator' in your configuration.

[] - [] - [] Starting MfMp63WebApplication using Java 11.0.29 on MI-20151052625 with PID 3704 (D:\addlnUtils\mf-pos-impl\morefun-pos-implementation\build\classes\java\main started by Raghavendra in D:\addlnUtils\mf-pos-impl\morefun-pos-implementation)
[] - [] - [] No active profile set, falling back to 1 default profile: "default"
[] - [] - [] Tomcat initialized with port(s): 8897 (http)
[] - [] - [] Initializing ProtocolHandler ["http-nio-8897"]
[] - [] - [] Starting service [Tomcat]
[] - [] - [] Starting Servlet engine: [Apache Tomcat/9.0.71]
[] - [] - [] Initializing Spring embedded WebApplicationContext
[] - [] - [] Root WebApplicationContext: initialization completed in 1471 ms
[] - [] - [] Exception encountered during context initialization - cancelling refresh attempt: org.springframework.beans.factory.UnsatisfiedDependencyException: Error creating bean with name 'cardController': Unsatisfied dependency expressed through field 'cardService'; nested exception is org.springframework.beans.factory.UnsatisfiedDependencyException: Error creating bean with name 'cardServiceImpl': Unsatisfied dependency expressed through field 'kcvGenerator'; nested exception is org.springframework.beans.factory.NoSuchBeanDefinitionException: No qualifying bean of type 'com.mf.mp63.util.KCVGenerator' available: expected at least 1 bean which qualifies as autowire candidate. Dependency annotations: {@org.springframework.beans.factory.annotation.Autowired(required=true)}
[] - [] - [] Stopping service [Tomcat]
[] - [] - [] 

Error starting ApplicationContext. To display the conditions report re-run your application with 'debug' enabled.
[] - [] - [] 

***************************
APPLICATION FAILED TO START
***************************

Description:

Field kcvGenerator in com.mf.mp63.service.CardServiceImpl required a bean of type 'com.mf.mp63.util.KCVGenerator' that could not be found.

The injection point has the following annotations:
	- @org.springframework.beans.factory.annotation.Autowired(required=true)


Action:

Consider defining a bean of type 'com.mf.mp63.util.KCVGenerator' in your configuration.

[] - [] - [] Starting MfMp63WebApplication using Java 11.0.29 on MI-20151052625 with PID 17196 (D:\addlnUtils\mf-pos-impl\morefun-pos-implementation\build\classes\java\main started by Raghavendra in D:\addlnUtils\mf-pos-impl\morefun-pos-implementation)
[] - [] - [] No active profile set, falling back to 1 default profile: "default"
[] - [] - [] Tomcat initialized with port(s): 8897 (http)
[] - [] - [] Initializing ProtocolHandler ["http-nio-8897"]
[] - [] - [] Starting service [Tomcat]
[] - [] - [] Starting Servlet engine: [Apache Tomcat/9.0.71]
[] - [] - [] Initializing Spring embedded WebApplicationContext
[] - [] - [] Root WebApplicationContext: initialization completed in 1508 ms
[] - [] - [] Exposing 14 endpoint(s) beneath base path '/actuator'
[] - [] - [] Starting ProtocolHandler ["http-nio-8897"]
[] - [] - [] Tomcat started on port(s): 8897 (http) with context path '/mp63'
[] - [] - [] Started MfMp63WebApplication in 2.983 seconds (JVM running for 3.344)
[] - [] - [] Initializing Spring DispatcherServlet 'dispatcherServlet'
[] - [] - [] Initializing Servlet 'dispatcherServlet'
[] - [] - [] Completed initialization in 2 ms
[] - [] - [] Initiating Card Transaction
[] - [] - [] keyIndexResp : Set key index success
[] - [] - [] erron on startTxn : 
java.security.InvalidKeyException: Wrong key size
	at java.base/com.sun.crypto.provider.DESedeCrypt.init(DESedeCrypt.java:69)
	at java.base/com.sun.crypto.provider.ElectronicCodeBook.init(ElectronicCodeBook.java:97)
	at java.base/com.sun.crypto.provider.CipherCore.init(CipherCore.java:591)
	at java.base/com.sun.crypto.provider.CipherCore.init(CipherCore.java:467)
	at java.base/com.sun.crypto.provider.DESedeCipher.engineInit(DESedeCipher.java:166)
	at java.base/javax.crypto.Cipher.implInit(Cipher.java:839)
	at java.base/javax.crypto.Cipher.chooseProvider(Cipher.java:901)
	at java.base/javax.crypto.Cipher.init(Cipher.java:1286)
	at java.base/javax.crypto.Cipher.init(Cipher.java:1223)
	at com.mf.mp63.util.KCVGenerator.generate4ByteKCV(KCVGenerator.java:16)
	at com.mf.mp63.service.CardServiceImpl.injectKeys(CardServiceImpl.java:610)
	at com.mf.mp63.service.CardServiceImpl.startTransaction(CardServiceImpl.java:189)
	at com.mf.mp63.controler.CardController.startTransaction(CardController.java:66)
	at java.base/jdk.internal.reflect.NativeMethodAccessorImpl.invoke0(Native Method)
	at java.base/jdk.internal.reflect.NativeMethodAccessorImpl.invoke(NativeMethodAccessorImpl.java:62)
	at java.base/jdk.internal.reflect.DelegatingMethodAccessorImpl.invoke(DelegatingMethodAccessorImpl.java:43)
	at java.base/java.lang.reflect.Method.invoke(Method.java:566)
	at org.springframework.web.method.support.InvocableHandlerMethod.doInvoke(InvocableHandlerMethod.java:205)
	at org.springframework.web.method.support.InvocableHandlerMethod.invokeForRequest(InvocableHandlerMethod.java:150)
	at org.springframework.web.servlet.mvc.method.annotation.ServletInvocableHandlerMethod.invokeAndHandle(ServletInvocableHandlerMethod.java:117)
	at org.springframework.web.servlet.mvc.method.annotation.RequestMappingHandlerAdapter.invokeHandlerMethod(RequestMappingHandlerAdapter.java:895)
	at org.springframework.web.servlet.mvc.method.annotation.RequestMappingHandlerAdapter.handleInternal(RequestMappingHandlerAdapter.java:808)
	at org.springframework.web.servlet.mvc.method.AbstractHandlerMethodAdapter.handle(AbstractHandlerMethodAdapter.java:87)
	at org.springframework.web.servlet.DispatcherServlet.doDispatch(DispatcherServlet.java:1071)
	at org.springframework.web.servlet.DispatcherServlet.doService(DispatcherServlet.java:964)
	at org.springframework.web.servlet.FrameworkServlet.processRequest(FrameworkServlet.java:1006)
	at org.springframework.web.servlet.FrameworkServlet.doPost(FrameworkServlet.java:909)
	at javax.servlet.http.HttpServlet.service(HttpServlet.java:696)
	at org.springframework.web.servlet.FrameworkServlet.service(FrameworkServlet.java:883)
	at javax.servlet.http.HttpServlet.service(HttpServlet.java:779)
	at org.apache.catalina.core.ApplicationFilterChain.internalDoFilter(ApplicationFilterChain.java:227)
	at org.apache.catalina.core.ApplicationFilterChain.doFilter(ApplicationFilterChain.java:162)
	at org.apache.tomcat.websocket.server.WsFilter.doFilter(WsFilter.java:53)
	at org.apache.catalina.core.ApplicationFilterChain.internalDoFilter(ApplicationFilterChain.java:189)
	at org.apache.catalina.core.ApplicationFilterChain.doFilter(ApplicationFilterChain.java:162)
	at org.springframework.web.filter.RequestContextFilter.doFilterInternal(RequestContextFilter.java:100)
	at org.springframework.web.filter.OncePerRequestFilter.doFilter(OncePerRequestFilter.java:117)
	at org.apache.catalina.core.ApplicationFilterChain.internalDoFilter(ApplicationFilterChain.java:189)
	at org.apache.catalina.core.ApplicationFilterChain.doFilter(ApplicationFilterChain.java:162)
	at org.springframework.web.filter.FormContentFilter.doFilterInternal(FormContentFilter.java:93)
	at org.springframework.web.filter.OncePerRequestFilter.doFilter(OncePerRequestFilter.java:117)
	at org.apache.catalina.core.ApplicationFilterChain.internalDoFilter(ApplicationFilterChain.java:189)
	at org.apache.catalina.core.ApplicationFilterChain.doFilter(ApplicationFilterChain.java:162)
	at org.springframework.boot.actuate.metrics.web.servlet.WebMvcMetricsFilter.doFilterInternal(WebMvcMetricsFilter.java:96)
	at org.springframework.web.filter.OncePerRequestFilter.doFilter(OncePerRequestFilter.java:117)
	at org.apache.catalina.core.ApplicationFilterChain.internalDoFilter(ApplicationFilterChain.java:189)
	at org.apache.catalina.core.ApplicationFilterChain.doFilter(ApplicationFilterChain.java:162)
	at org.springframework.web.filter.CharacterEncodingFilter.doFilterInternal(CharacterEncodingFilter.java:201)
	at org.springframework.web.filter.OncePerRequestFilter.doFilter(OncePerRequestFilter.java:117)
	at org.apache.catalina.core.ApplicationFilterChain.internalDoFilter(ApplicationFilterChain.java:189)
	at org.apache.catalina.core.ApplicationFilterChain.doFilter(ApplicationFilterChain.java:162)
	at org.apache.catalina.core.StandardWrapperValve.invoke(StandardWrapperValve.java:177)
	at org.apache.catalina.core.StandardContextValve.invoke(StandardContextValve.java:97)
	at org.apache.catalina.authenticator.AuthenticatorBase.invoke(AuthenticatorBase.java:541)
	at org.apache.catalina.core.StandardHostValve.invoke(StandardHostValve.java:135)
	at org.apache.catalina.valves.ErrorReportValve.invoke(ErrorReportValve.java:92)
	at org.apache.catalina.core.StandardEngineValve.invoke(StandardEngineValve.java:78)
	at org.apache.catalina.connector.CoyoteAdapter.service(CoyoteAdapter.java:360)
	at org.apache.coyote.http11.Http11Processor.service(Http11Processor.java:399)
	at org.apache.coyote.AbstractProcessorLight.process(AbstractProcessorLight.java:65)
	at org.apache.coyote.AbstractProtocol$ConnectionHandler.process(AbstractProtocol.java:891)
	at org.apache.tomcat.util.net.NioEndpoint$SocketProcessor.doRun(NioEndpoint.java:1784)
	at org.apache.tomcat.util.net.SocketProcessorBase.run(SocketProcessorBase.java:49)
	at org.apache.tomcat.util.threads.ThreadPoolExecutor.runWorker(ThreadPoolExecutor.java:1191)
	at org.apache.tomcat.util.threads.ThreadPoolExecutor$Worker.run(ThreadPoolExecutor.java:659)
	at org.apache.tomcat.util.threads.TaskThread$WrappingRunnable.run(TaskThread.java:61)
	at java.base/java.lang.Thread.run(Thread.java:829)
[] - [] - [] Starting MfMp63WebApplication using Java 11.0.29 on MI-20151052625 with PID 19108 (D:\addlnUtils\mf-pos-impl\morefun-pos-implementation\build\classes\java\main started by Raghavendra in D:\addlnUtils\mf-pos-impl\morefun-pos-implementation)
[] - [] - [] No active profile set, falling back to 1 default profile: "default"
[] - [] - [] Tomcat initialized with port(s): 8897 (http)
[] - [] - [] Initializing ProtocolHandler ["http-nio-8897"]
[] - [] - [] Starting service [Tomcat]
[] - [] - [] Starting Servlet engine: [Apache Tomcat/9.0.71]
[] - [] - [] Initializing Spring embedded WebApplicationContext
[] - [] - [] Root WebApplicationContext: initialization completed in 1419 ms
[] - [] - [] Exposing 14 endpoint(s) beneath base path '/actuator'
[] - [] - [] Starting ProtocolHandler ["http-nio-8897"]
[] - [] - [] Tomcat started on port(s): 8897 (http) with context path '/mp63'
[] - [] - [] Started MfMp63WebApplication in 2.906 seconds (JVM running for 3.234)
[] - [] - [] Initializing Spring DispatcherServlet 'dispatcherServlet'
[] - [] - [] Initializing Servlet 'dispatcherServlet'
[] - [] - [] Completed initialization in 1 ms
[] - [] - [] Initiating Card Transaction
[] - [] - [] keyIndexResp : Set key index success
[] - [] - [] erron on startTxn : 
java.security.InvalidKeyException: Wrong key size
	at java.base/com.sun.crypto.provider.DESedeCrypt.init(DESedeCrypt.java:69)
	at java.base/com.sun.crypto.provider.ElectronicCodeBook.init(ElectronicCodeBook.java:97)
	at java.base/com.sun.crypto.provider.CipherCore.init(CipherCore.java:591)
	at java.base/com.sun.crypto.provider.CipherCore.init(CipherCore.java:467)
	at java.base/com.sun.crypto.provider.DESedeCipher.engineInit(DESedeCipher.java:166)
	at java.base/javax.crypto.Cipher.implInit(Cipher.java:839)
	at java.base/javax.crypto.Cipher.chooseProvider(Cipher.java:901)
	at java.base/javax.crypto.Cipher.init(Cipher.java:1286)
	at java.base/javax.crypto.Cipher.init(Cipher.java:1223)
	at com.mf.mp63.util.KCVGenerator.generate4ByteKCV(KCVGenerator.java:16)
	at com.mf.mp63.service.CardServiceImpl.injectKeys(CardServiceImpl.java:610)
	at com.mf.mp63.service.CardServiceImpl.startTransaction(CardServiceImpl.java:189)
	at com.mf.mp63.controler.CardController.startTransaction(CardController.java:66)
	at java.base/jdk.internal.reflect.NativeMethodAccessorImpl.invoke0(Native Method)
	at java.base/jdk.internal.reflect.NativeMethodAccessorImpl.invoke(NativeMethodAccessorImpl.java:62)
	at java.base/jdk.internal.reflect.DelegatingMethodAccessorImpl.invoke(DelegatingMethodAccessorImpl.java:43)
	at java.base/java.lang.reflect.Method.invoke(Method.java:566)
	at org.springframework.web.method.support.InvocableHandlerMethod.doInvoke(InvocableHandlerMethod.java:205)
	at org.springframework.web.method.support.InvocableHandlerMethod.invokeForRequest(InvocableHandlerMethod.java:150)
	at org.springframework.web.servlet.mvc.method.annotation.ServletInvocableHandlerMethod.invokeAndHandle(ServletInvocableHandlerMethod.java:117)
	at org.springframework.web.servlet.mvc.method.annotation.RequestMappingHandlerAdapter.invokeHandlerMethod(RequestMappingHandlerAdapter.java:895)
	at org.springframework.web.servlet.mvc.method.annotation.RequestMappingHandlerAdapter.handleInternal(RequestMappingHandlerAdapter.java:808)
	at org.springframework.web.servlet.mvc.method.AbstractHandlerMethodAdapter.handle(AbstractHandlerMethodAdapter.java:87)
	at org.springframework.web.servlet.DispatcherServlet.doDispatch(DispatcherServlet.java:1071)
	at org.springframework.web.servlet.DispatcherServlet.doService(DispatcherServlet.java:964)
	at org.springframework.web.servlet.FrameworkServlet.processRequest(FrameworkServlet.java:1006)
	at org.springframework.web.servlet.FrameworkServlet.doPost(FrameworkServlet.java:909)
	at javax.servlet.http.HttpServlet.service(HttpServlet.java:696)
	at org.springframework.web.servlet.FrameworkServlet.service(FrameworkServlet.java:883)
	at javax.servlet.http.HttpServlet.service(HttpServlet.java:779)
	at org.apache.catalina.core.ApplicationFilterChain.internalDoFilter(ApplicationFilterChain.java:227)
	at org.apache.catalina.core.ApplicationFilterChain.doFilter(ApplicationFilterChain.java:162)
	at org.apache.tomcat.websocket.server.WsFilter.doFilter(WsFilter.java:53)
	at org.apache.catalina.core.ApplicationFilterChain.internalDoFilter(ApplicationFilterChain.java:189)
	at org.apache.catalina.core.ApplicationFilterChain.doFilter(ApplicationFilterChain.java:162)
	at org.springframework.web.filter.RequestContextFilter.doFilterInternal(RequestContextFilter.java:100)
	at org.springframework.web.filter.OncePerRequestFilter.doFilter(OncePerRequestFilter.java:117)
	at org.apache.catalina.core.ApplicationFilterChain.internalDoFilter(ApplicationFilterChain.java:189)
	at org.apache.catalina.core.ApplicationFilterChain.doFilter(ApplicationFilterChain.java:162)
	at org.springframework.web.filter.FormContentFilter.doFilterInternal(FormContentFilter.java:93)
	at org.springframework.web.filter.OncePerRequestFilter.doFilter(OncePerRequestFilter.java:117)
	at org.apache.catalina.core.ApplicationFilterChain.internalDoFilter(ApplicationFilterChain.java:189)
	at org.apache.catalina.core.ApplicationFilterChain.doFilter(ApplicationFilterChain.java:162)
	at org.springframework.boot.actuate.metrics.web.servlet.WebMvcMetricsFilter.doFilterInternal(WebMvcMetricsFilter.java:96)
	at org.springframework.web.filter.OncePerRequestFilter.doFilter(OncePerRequestFilter.java:117)
	at org.apache.catalina.core.ApplicationFilterChain.internalDoFilter(ApplicationFilterChain.java:189)
	at org.apache.catalina.core.ApplicationFilterChain.doFilter(ApplicationFilterChain.java:162)
	at org.springframework.web.filter.CharacterEncodingFilter.doFilterInternal(CharacterEncodingFilter.java:201)
	at org.springframework.web.filter.OncePerRequestFilter.doFilter(OncePerRequestFilter.java:117)
	at org.apache.catalina.core.ApplicationFilterChain.internalDoFilter(ApplicationFilterChain.java:189)
	at org.apache.catalina.core.ApplicationFilterChain.doFilter(ApplicationFilterChain.java:162)
	at org.apache.catalina.core.StandardWrapperValve.invoke(StandardWrapperValve.java:177)
	at org.apache.catalina.core.StandardContextValve.invoke(StandardContextValve.java:97)
	at org.apache.catalina.authenticator.AuthenticatorBase.invoke(AuthenticatorBase.java:541)
	at org.apache.catalina.core.StandardHostValve.invoke(StandardHostValve.java:135)
	at org.apache.catalina.valves.ErrorReportValve.invoke(ErrorReportValve.java:92)
	at org.apache.catalina.core.StandardEngineValve.invoke(StandardEngineValve.java:78)
	at org.apache.catalina.connector.CoyoteAdapter.service(CoyoteAdapter.java:360)
	at org.apache.coyote.http11.Http11Processor.service(Http11Processor.java:399)
	at org.apache.coyote.AbstractProcessorLight.process(AbstractProcessorLight.java:65)
	at org.apache.coyote.AbstractProtocol$ConnectionHandler.process(AbstractProtocol.java:891)
	at org.apache.tomcat.util.net.NioEndpoint$SocketProcessor.doRun(NioEndpoint.java:1784)
	at org.apache.tomcat.util.net.SocketProcessorBase.run(SocketProcessorBase.java:49)
	at org.apache.tomcat.util.threads.ThreadPoolExecutor.runWorker(ThreadPoolExecutor.java:1191)
	at org.apache.tomcat.util.threads.ThreadPoolExecutor$Worker.run(ThreadPoolExecutor.java:659)
	at org.apache.tomcat.util.threads.TaskThread$WrappingRunnable.run(TaskThread.java:61)
	at java.base/java.lang.Thread.run(Thread.java:829)
[] - [] - [] Starting MfMp63WebApplication using Java 11.0.29 on MI-20151052625 with PID 26068 (D:\addlnUtils\mf-pos-impl\morefun-pos-implementation\build\classes\java\main started by Raghavendra in D:\addlnUtils\mf-pos-impl\morefun-pos-implementation)
[] - [] - [] No active profile set, falling back to 1 default profile: "default"
[] - [] - [] Tomcat initialized with port(s): 8897 (http)
[] - [] - [] Initializing ProtocolHandler ["http-nio-8897"]
[] - [] - [] Starting service [Tomcat]
[] - [] - [] Starting Servlet engine: [Apache Tomcat/9.0.71]
[] - [] - [] Initializing Spring embedded WebApplicationContext
[] - [] - [] Root WebApplicationContext: initialization completed in 6891 ms
[] - [] - [] Exposing 14 endpoint(s) beneath base path '/actuator'
[] - [] - [] Starting ProtocolHandler ["http-nio-8897"]
[] - [] - [] Tomcat started on port(s): 8897 (http) with context path '/mp63'
[] - [] - [] Started MfMp63WebApplication in 12.77 seconds (JVM running for 20.451)
[] - [] - [] Initializing Spring DispatcherServlet 'dispatcherServlet'
[] - [] - [] Initializing Servlet 'dispatcherServlet'
[] - [] - [] Completed initialization in 0 ms
[] - [] - [] Starting MfMp63WebApplication using Java 11.0.29 on MI-20151052625 with PID 17648 (D:\addlnUtils\mf-pos-impl\morefun-pos-implementation\build\classes\java\main started by Raghavendra in D:\addlnUtils\mf-pos-impl\morefun-pos-implementation)
[] - [] - [] No active profile set, falling back to 1 default profile: "default"
[] - [] - [] Tomcat initialized with port(s): 8897 (http)
[] - [] - [] Initializing ProtocolHandler ["http-nio-8897"]
[] - [] - [] Starting service [Tomcat]
[] - [] - [] Starting Servlet engine: [Apache Tomcat/9.0.71]
[] - [] - [] Initializing Spring embedded WebApplicationContext
[] - [] - [] Root WebApplicationContext: initialization completed in 2992 ms
[] - [] - [] Exposing 14 endpoint(s) beneath base path '/actuator'
[] - [] - [] Starting ProtocolHandler ["http-nio-8897"]
[] - [] - [] Tomcat started on port(s): 8897 (http) with context path '/mp63'
[] - [] - [] Started MfMp63WebApplication in 5.741 seconds (JVM running for 6.457)
[] - [] - [] Initializing Spring DispatcherServlet 'dispatcherServlet'
[] - [] - [] Initializing Servlet 'dispatcherServlet'
[] - [] - [] Completed initialization in 1 ms
[] - [] - [] Initiating Card Transaction
[] - [] - [] keyIndexResp : Set key index success
[] - [] - [] loadDtmkResp : false
[] - [] - [] loadTmkResp : false
[] - [] - [] loadWorkekyResp : false
[] - [] - [] card result : Communication results:NOERROR
Card type:2
Explanation by card type:Insert card
Whether FallBack:No
Main account:6080251300001806
Card validity:2812
Service code:226
Track 2 length:31
Track 2 message:6080251300001806D28122262570010F
Track 3 length:0
Track 3 message:null
Random data:«’¿$Ô#
Card serial No.:01
IC card data:9F02060000000055009F2608AF1D9557DD185BF99F2701809F10200FB501A0014004000000000000000000000000000000000000000000000000009F3704778060789F360200F7950504000400009A032601299C01005F2A020356820219009F1A0203569F03060000000000009F330360D0C89F34034203009F3501229F1E086D665F36306220208407A00000052410109F090200029F4104000000019F120B5275506179204465626974500B527550617920446562697457106080251300001806D28122262570010F
PIN length:4
PIN Ciphertext:6C0D7F67224B3EEE

[] - [] - [] Initiating Card Transaction
[] - [] - [] keyIndexResp : Set key index success
[] - [] - [] Starting MfMp63WebApplication using Java 11.0.29 on MI-20151052625 with PID 19732 (D:\addlnUtils\mf-pos-impl\morefun-pos-implementation\build\classes\java\main started by Raghavendra in D:\addlnUtils\mf-pos-impl\morefun-pos-implementation)
[] - [] - [] No active profile set, falling back to 1 default profile: "default"
[] - [] - [] Tomcat initialized with port(s): 8897 (http)
[] - [] - [] Initializing ProtocolHandler ["http-nio-8897"]
[] - [] - [] Starting service [Tomcat]
[] - [] - [] Starting Servlet engine: [Apache Tomcat/9.0.71]
[] - [] - [] Initializing Spring embedded WebApplicationContext
[] - [] - [] Root WebApplicationContext: initialization completed in 3291 ms
[] - [] - [] Exposing 14 endpoint(s) beneath base path '/actuator'
[] - [] - [] Starting ProtocolHandler ["http-nio-8897"]
[] - [] - [] Tomcat started on port(s): 8897 (http) with context path '/mp63'
[] - [] - [] Started MfMp63WebApplication in 6.802 seconds (JVM running for 7.528)
[] - [] - [] Initializing Spring DispatcherServlet 'dispatcherServlet'
[] - [] - [] Initializing Servlet 'dispatcherServlet'
[] - [] - [] Completed initialization in 0 ms
[] - [] - [] Initiating Card Transaction
[] - [] - [] keyIndexResp : Set key index success
[] - [] - [] Starting MfMp63WebApplication using Java 11.0.29 on MI-20151052625 with PID 15812 (D:\addlnUtils\mf-pos-impl\morefun-pos-implementation\build\classes\java\main started by Raghavendra in D:\addlnUtils\mf-pos-impl\morefun-pos-implementation)
[] - [] - [] No active profile set, falling back to 1 default profile: "default"
[] - [] - [] Tomcat initialized with port(s): 8897 (http)
[] - [] - [] Initializing ProtocolHandler ["http-nio-8897"]
[] - [] - [] Starting service [Tomcat]
[] - [] - [] Starting Servlet engine: [Apache Tomcat/9.0.71]
[] - [] - [] Initializing Spring embedded WebApplicationContext
[] - [] - [] Root WebApplicationContext: initialization completed in 1602 ms
[] - [] - [] Exposing 14 endpoint(s) beneath base path '/actuator'
[] - [] - [] Starting ProtocolHandler ["http-nio-8897"]
[] - [] - [] Tomcat started on port(s): 8897 (http) with context path '/mp63'
[] - [] - [] Started MfMp63WebApplication in 3.617 seconds (JVM running for 3.973)
[] - [] - [] Initializing Spring DispatcherServlet 'dispatcherServlet'
[] - [] - [] Initializing Servlet 'dispatcherServlet'
[] - [] - [] Completed initialization in 1 ms
[] - [] - [] Initiating Card Transaction
[] - [] - [] keyIndexResp : Set key index success
[] - [] - [] Starting MfMp63WebApplication using Java 11.0.29 on MI-20151052625 with PID 25788 (D:\addlnUtils\mf-pos-impl\morefun-pos-implementation\build\classes\java\main started by Raghavendra in D:\addlnUtils\mf-pos-impl\morefun-pos-implementation)
[] - [] - [] No active profile set, falling back to 1 default profile: "default"
[] - [] - [] Tomcat initialized with port(s): 8897 (http)
[] - [] - [] Initializing ProtocolHandler ["http-nio-8897"]
[] - [] - [] Starting service [Tomcat]
[] - [] - [] Starting Servlet engine: [Apache Tomcat/9.0.71]
[] - [] - [] Initializing Spring embedded WebApplicationContext
[] - [] - [] Root WebApplicationContext: initialization completed in 1539 ms
[] - [] - [] Exposing 14 endpoint(s) beneath base path '/actuator'
[] - [] - [] Starting ProtocolHandler ["http-nio-8897"]
[] - [] - [] Tomcat started on port(s): 8897 (http) with context path '/mp63'
[] - [] - [] Started MfMp63WebApplication in 3.965 seconds (JVM running for 4.335)
[] - [] - [] Initializing Spring DispatcherServlet 'dispatcherServlet'
[] - [] - [] Initializing Servlet 'dispatcherServlet'
[] - [] - [] Completed initialization in 1 ms
[] - [] - [] Initiating Card Transaction
[] - [] - [] keyIndexResp : Set key index success
[] - [] - [] Starting MfMp63WebApplication using Java 11.0.29 on MI-20151052625 with PID 12444 (D:\addlnUtils\mf-pos-impl\morefun-pos-implementation\build\classes\java\main started by Raghavendra in D:\addlnUtils\mf-pos-impl\morefun-pos-implementation)
[] - [] - [] No active profile set, falling back to 1 default profile: "default"
[] - [] - [] Tomcat initialized with port(s): 8897 (http)
[] - [] - [] Initializing ProtocolHandler ["http-nio-8897"]
[] - [] - [] Starting service [Tomcat]
[] - [] - [] Starting Servlet engine: [Apache Tomcat/9.0.71]
[] - [] - [] Initializing Spring embedded WebApplicationContext
[] - [] - [] Root WebApplicationContext: initialization completed in 1605 ms
[] - [] - [] Exposing 14 endpoint(s) beneath base path '/actuator'
[] - [] - [] Starting ProtocolHandler ["http-nio-8897"]
[] - [] - [] Tomcat started on port(s): 8897 (http) with context path '/mp63'
[] - [] - [] Started MfMp63WebApplication in 3.933 seconds (JVM running for 4.272)
[] - [] - [] Starting MfMp63WebApplication using Java 11.0.29 on MI-20151052625 with PID 1696 (D:\addlnUtils\mf-pos-impl\morefun-pos-implementation\build\classes\java\main started by Raghavendra in D:\addlnUtils\mf-pos-impl\morefun-pos-implementation)
[] - [] - [] No active profile set, falling back to 1 default profile: "default"
[] - [] - [] Tomcat initialized with port(s): 8897 (http)
[] - [] - [] Initializing ProtocolHandler ["http-nio-8897"]
[] - [] - [] Starting service [Tomcat]
[] - [] - [] Starting Servlet engine: [Apache Tomcat/9.0.71]
[] - [] - [] Initializing Spring embedded WebApplicationContext
[] - [] - [] Root WebApplicationContext: initialization completed in 1579 ms
[] - [] - [] Exposing 14 endpoint(s) beneath base path '/actuator'
[] - [] - [] Starting ProtocolHandler ["http-nio-8897"]
[] - [] - [] Tomcat started on port(s): 8897 (http) with context path '/mp63'
[] - [] - [] Started MfMp63WebApplication in 3.695 seconds (JVM running for 4.043)
[] - [] - [] Initializing Spring DispatcherServlet 'dispatcherServlet'
[] - [] - [] Initializing Servlet 'dispatcherServlet'
[] - [] - [] Completed initialization in 0 ms
[] - [] - [] Initiating Card Transaction
[] - [] - [] keyIndexResp : Set key index success
[] - [] - [] Starting MfMp63WebApplication using Java 11.0.29 on MI-20151052625 with PID 17444 (D:\addlnUtils\mf-pos-impl\morefun-pos-implementation\build\classes\java\main started by Raghavendra in D:\addlnUtils\mf-pos-impl\morefun-pos-implementation)
[] - [] - [] No active profile set, falling back to 1 default profile: "default"
[] - [] - [] Tomcat initialized with port(s): 8897 (http)
[] - [] - [] Initializing ProtocolHandler ["http-nio-8897"]
[] - [] - [] Starting service [Tomcat]
[] - [] - [] Starting Servlet engine: [Apache Tomcat/9.0.71]
[] - [] - [] Initializing Spring embedded WebApplicationContext
[] - [] - [] Root WebApplicationContext: initialization completed in 2999 ms
[] - [] - [] Exposing 14 endpoint(s) beneath base path '/actuator'
[] - [] - [] Starting ProtocolHandler ["http-nio-8897"]
[] - [] - [] Tomcat started on port(s): 8897 (http) with context path '/mp63'
[] - [] - [] Started MfMp63WebApplication in 7.009 seconds (JVM running for 7.858)
[] - [] - [] Initializing Spring DispatcherServlet 'dispatcherServlet'
[] - [] - [] Initializing Servlet 'dispatcherServlet'
[] - [] - [] Completed initialization in 1 ms
[] - [] - [] Initiating Card Transaction
[] - [] - [] keyIndexResp : Set key index success
[] - [] - [] loadDtmkResp : true
[] - [] - [] Starting MfMp63WebApplication using Java 11.0.29 on MI-20151052625 with PID 20432 (D:\addlnUtils\mf-pos-impl\morefun-pos-implementation\build\classes\java\main started by Raghavendra in D:\addlnUtils\mf-pos-impl\morefun-pos-implementation)
[] - [] - [] No active profile set, falling back to 1 default profile: "default"
[] - [] - [] Tomcat initialized with port(s): 8897 (http)
[] - [] - [] Initializing ProtocolHandler ["http-nio-8897"]
[] - [] - [] Starting service [Tomcat]
[] - [] - [] Starting Servlet engine: [Apache Tomcat/9.0.71]
[] - [] - [] Initializing Spring embedded WebApplicationContext
[] - [] - [] Root WebApplicationContext: initialization completed in 1533 ms
[] - [] - [] Exposing 14 endpoint(s) beneath base path '/actuator'
[] - [] - [] Starting ProtocolHandler ["http-nio-8897"]
[] - [] - [] Tomcat started on port(s): 8897 (http) with context path '/mp63'
[] - [] - [] Started MfMp63WebApplication in 3.463 seconds (JVM running for 3.817)
[] - [] - [] Initializing Spring DispatcherServlet 'dispatcherServlet'
[] - [] - [] Initializing Servlet 'dispatcherServlet'
[] - [] - [] Completed initialization in 2 ms
[] - [] - [] Initiating Card Transaction
[] - [] - [] keyIndexResp : Set key index success
[] - [] - [] loadDtmkResp : true
[] - [] - [] loadTmkResp : true
[] - [] - [] loadWorkekyResp : false
[] - [] - [] card result : Communication results:NOERROR
Card type:5
Explanation by card type:Timeout
Whether FallBack:No
Main account:null
Card validity:null
Service code:null
Track 2 length:0
Track 2 message:null
Track 3 length:0
Track 3 message:null
Random data:ýúM[‘‘)È
Card serial No.:null
IC card data:null
PIN length:0
PIN Ciphertext:null

[] - [] - [] Starting MfMp63WebApplication using Java 11.0.29 on MI-20151052625 with PID 21568 (D:\addlnUtils\mf-pos-impl\morefun-pos-implementation\build\classes\java\main started by Raghavendra in D:\addlnUtils\mf-pos-impl\morefun-pos-implementation)
[] - [] - [] No active profile set, falling back to 1 default profile: "default"
[] - [] - [] Tomcat initialized with port(s): 8897 (http)
[] - [] - [] Initializing ProtocolHandler ["http-nio-8897"]
[] - [] - [] Starting service [Tomcat]
[] - [] - [] Starting Servlet engine: [Apache Tomcat/9.0.71]
[] - [] - [] Initializing Spring embedded WebApplicationContext
[] - [] - [] Root WebApplicationContext: initialization completed in 2503 ms
[] - [] - [] Exposing 14 endpoint(s) beneath base path '/actuator'
[] - [] - [] Starting ProtocolHandler ["http-nio-8897"]
[] - [] - [] Tomcat started on port(s): 8897 (http) with context path '/mp63'
[] - [] - [] Started MfMp63WebApplication in 5.322 seconds (JVM running for 6.152)
[] - [] - [] Initializing Spring DispatcherServlet 'dispatcherServlet'
[] - [] - [] Initializing Servlet 'dispatcherServlet'
[] - [] - [] Completed initialization in 2 ms
[] - [] - [] Starting MfMp63WebApplication using Java 11.0.29 on MI-20151052625 with PID 24156 (D:\addlnUtils\mf-pos-impl\morefun-pos-implementation\build\classes\java\main started by Raghavendra in D:\addlnUtils\mf-pos-impl\morefun-pos-implementation)
[] - [] - [] No active profile set, falling back to 1 default profile: "default"
[] - [] - [] Tomcat initialized with port(s): 8897 (http)
[] - [] - [] Initializing ProtocolHandler ["http-nio-8897"]
[] - [] - [] Starting service [Tomcat]
[] - [] - [] Starting Servlet engine: [Apache Tomcat/9.0.71]
[] - [] - [] Initializing Spring embedded WebApplicationContext
[] - [] - [] Root WebApplicationContext: initialization completed in 1804 ms
[] - [] - [] Exposing 14 endpoint(s) beneath base path '/actuator'
[] - [] - [] Starting ProtocolHandler ["http-nio-8897"]
[] - [] - [] Tomcat started on port(s): 8897 (http) with context path '/mp63'
[] - [] - [] Started MfMp63WebApplication in 3.472 seconds (JVM running for 3.813)
[] - [] - [] Initializing Spring DispatcherServlet 'dispatcherServlet'
[] - [] - [] Initializing Servlet 'dispatcherServlet'
[] - [] - [] Completed initialization in 0 ms
[] - [] - [] Initiating Card Transaction
[] - [] - [] keyIndexResp : Set key index success
[] - [] - [] loadDtmkResp : true
[] - [] - [] loadTmkResp : true
[] - [] - [] loadWorkekyResp : false
[] - [] - [] card result : Communication results:NOERROR
Card type:2
Explanation by card type:Insert card
Whether FallBack:No
Main account:6080251300001806
Card validity:2812
Service code:226
Track 2 length:31
Track 2 message:6080251300001806D28122262570010F
Track 3 length:0
Track 3 message:null
Random data:z—%«È{ã?
Card serial No.:01
IC card data:9F02060000000055009F260898CAF1564DB31AF39F2701809F10200FB501A0014004000000000000000000000000000000000000000000000000009F3704CF96F6E79F360200F9950504000400009A032601299C01005F2A020356820219009F1A0203569F03060000000000009F330360D0C89F34034203009F3501229F1E086D665F36306220208407A00000052410109F090200029F4104000000019F120B5275506179204465626974500B527550617920446562697457106080251300001806D28122262570010F
PIN length:4
PIN Ciphertext:561CD942AA2A7463

[] - [] - [] Starting MfMp63WebApplication using Java 11.0.29 on MI-20151052625 with PID 12320 (D:\addlnUtils\mf-pos-impl\morefun-pos-implementation\build\classes\java\main started by Raghavendra in D:\addlnUtils\mf-pos-impl\morefun-pos-implementation)
[] - [] - [] No active profile set, falling back to 1 default profile: "default"
[] - [] - [] Tomcat initialized with port(s): 8897 (http)
[] - [] - [] Initializing ProtocolHandler ["http-nio-8897"]
[] - [] - [] Starting service [Tomcat]
[] - [] - [] Starting Servlet engine: [Apache Tomcat/9.0.71]
[] - [] - [] Initializing Spring embedded WebApplicationContext
[] - [] - [] Root WebApplicationContext: initialization completed in 1825 ms
[] - [] - [] Exposing 14 endpoint(s) beneath base path '/actuator'
[] - [] - [] Starting ProtocolHandler ["http-nio-8897"]
[] - [] - [] Tomcat started on port(s): 8897 (http) with context path '/mp63'
[] - [] - [] Started MfMp63WebApplication in 3.787 seconds (JVM running for 4.164)
[] - [] - [] Initializing Spring DispatcherServlet 'dispatcherServlet'
[] - [] - [] Initializing Servlet 'dispatcherServlet'
[] - [] - [] Completed initialization in 0 ms
[] - [] - [] Initiating Card Transaction
[] - [] - [] keyIndexResp : Set key index success
[] - [] - [] loadDtmkResp : true
[] - [] - [] loadTmkResp : true
[] - [] - [] loadWorkekyResp : false
[] - [] - [] card result : Communication results:NOERROR
Card type:2
Explanation by card type:Insert card
Whether FallBack:No
Main account:6080251300001806
Card validity:2812
Service code:226
Track 2 length:31
Track 2 message:6080251300001806D28122262570010F
Track 3 length:0
Track 3 message:null
Random data:"å$ŒKBN
Card serial No.:01
IC card data:9F02060000000055009F260819F633420535EF8D9F2701809F10200FB501A0014004000000000000000000000000000000000000000000000000009F3704710CB32C9F360200FA950504000400009A032601299C01005F2A020356820219009F1A0203569F03060000000000009F330360D0C89F34034203009F3501229F1E086D665F36306220208407A00000052410109F090200029F4104000000029F120B5275506179204465626974500B527550617920446562697457106080251300001806D28122262570010F
PIN length:4
PIN Ciphertext:561CD942AA2A7463

[] - [] - [] Starting MfMp63WebApplication using Java 11.0.29 on MI-20151052625 with PID 2856 (D:\addlnUtils\mf-pos-impl\morefun-pos-implementation\build\classes\java\main started by Raghavendra in D:\addlnUtils\mf-pos-impl\morefun-pos-implementation)
[] - [] - [] No active profile set, falling back to 1 default profile: "default"
[] - [] - [] Tomcat initialized with port(s): 8897 (http)
[] - [] - [] Initializing ProtocolHandler ["http-nio-8897"]
[] - [] - [] Starting service [Tomcat]
[] - [] - [] Starting Servlet engine: [Apache Tomcat/9.0.71]
[] - [] - [] Initializing Spring embedded WebApplicationContext
[] - [] - [] Root WebApplicationContext: initialization completed in 1909 ms
[] - [] - [] Exposing 14 endpoint(s) beneath base path '/actuator'
[] - [] - [] Starting ProtocolHandler ["http-nio-8897"]
[] - [] - [] Tomcat started on port(s): 8897 (http) with context path '/mp63'
[] - [] - [] Started MfMp63WebApplication in 3.704 seconds (JVM running for 4.086)
[] - [] - [] Initializing Spring DispatcherServlet 'dispatcherServlet'
[] - [] - [] Initializing Servlet 'dispatcherServlet'
[] - [] - [] Completed initialization in 1 ms
[] - [] - [] Initiating Card Transaction
[] - [] - [] keyIndexResp : Set key index success
[] - [] - [] loadDtmkResp : true
[] - [] - [] loadTmkResp : true
[] - [] - [] loadWorkekyResp : false
[] - [] - [] card result : Communication results:NOERROR
Card type:2
Explanation by card type:Insert card
Whether FallBack:No
Main account:6080251300001806
Card validity:2812
Service code:226
Track 2 length:31
Track 2 message:6080251300001806D28122262570010F
Track 3 length:0
Track 3 message:null
Random data:`5ˆ[YKòc
Card serial No.:01
IC card data:9F02060000000055009F2608ED0D96D240D40F2D9F2701809F10200FB501A0014004000000000000000000000000000000000000000000000000009F370482419A629F360200FB950504000400009A032601299C01005F2A020356820219009F1A0203569F03060000000000009F330360D0C89F34034203009F3501229F1E086D665F36306220208407A00000052410109F090200029F4104000000039F120B5275506179204465626974500B527550617920446562697457106080251300001806D28122262570010F
PIN length:4
PIN Ciphertext:D2DD4077C86EFE89

[] - [] - [] Starting MfMp63WebApplication using Java 11.0.29 on MI-20151052625 with PID 7464 (D:\addlnUtils\mf-pos-impl\morefun-pos-implementation\build\classes\java\main started by Raghavendra in D:\addlnUtils\mf-pos-impl\morefun-pos-implementation)
[] - [] - [] No active profile set, falling back to 1 default profile: "default"
[] - [] - [] Tomcat initialized with port(s): 8897 (http)
[] - [] - [] Initializing ProtocolHandler ["http-nio-8897"]
[] - [] - [] Starting service [Tomcat]
[] - [] - [] Starting Servlet engine: [Apache Tomcat/9.0.71]
[] - [] - [] Initializing Spring embedded WebApplicationContext
[] - [] - [] Root WebApplicationContext: initialization completed in 1777 ms
[] - [] - [] Exposing 14 endpoint(s) beneath base path '/actuator'
[] - [] - [] Starting ProtocolHandler ["http-nio-8897"]
[] - [] - [] Tomcat started on port(s): 8897 (http) with context path '/mp63'
[] - [] - [] Started MfMp63WebApplication in 3.655 seconds (JVM running for 4.015)
[] - [] - [] Initializing Spring DispatcherServlet 'dispatcherServlet'
[] - [] - [] Initializing Servlet 'dispatcherServlet'
[] - [] - [] Completed initialization in 2 ms
[] - [] - [] Initiating Card Transaction
[] - [] - [] keyIndexResp : Set key index success
[] - [] - [] loadDtmkResp : true
[] - [] - [] loadTmkResp : true
[] - [] - [] loadWorkekyResp : false
[] - [] - [] card result : Communication results:NOERROR
Card type:2
Explanation by card type:Insert card
Whether FallBack:No
Main account:6080251300001806
Card validity:2812
Service code:226
Track 2 length:31
Track 2 message:6080251300001806D28122262570010F
Track 3 length:0
Track 3 message:null
Random data:pÍš½Á’?G
Card serial No.:01
IC card data:9F02060000000055009F260814640EBD4E7F9FB09F2701809F10200FB501A0014004000000000000000000000000000000000000000000000000009F3704AE7F691C9F360200FC950504000400009A032601299C01005F2A020356820219009F1A0203569F03060000000000009F330360D0C89F34034203009F3501229F1E086D665F36306220208407A00000052410109F090200029F4104000000049F120B5275506179204465626974500B527550617920446562697457106080251300001806D28122262570010F
PIN length:4
PIN Ciphertext:354F7DA6E82B05E1

[] - [] - [] Starting MfMp63WebApplication using Java 11.0.29 on MI-20151052625 with PID 18564 (D:\addlnUtils\mf-pos-impl\morefun-pos-implementation\build\classes\java\main started by Raghavendra in D:\addlnUtils\mf-pos-impl\morefun-pos-implementation)
[] - [] - [] No active profile set, falling back to 1 default profile: "default"
[] - [] - [] Tomcat initialized with port(s): 8897 (http)
[] - [] - [] Initializing ProtocolHandler ["http-nio-8897"]
[] - [] - [] Starting service [Tomcat]
[] - [] - [] Starting Servlet engine: [Apache Tomcat/9.0.71]
[] - [] - [] Initializing Spring embedded WebApplicationContext
[] - [] - [] Root WebApplicationContext: initialization completed in 2749 ms
[] - [] - [] Exposing 14 endpoint(s) beneath base path '/actuator'
[] - [] - [] Starting ProtocolHandler ["http-nio-8897"]
[] - [] - [] Tomcat started on port(s): 8897 (http) with context path '/mp63'
[] - [] - [] Started MfMp63WebApplication in 5.143 seconds (JVM running for 5.708)
[] - [] - [] Initializing Spring DispatcherServlet 'dispatcherServlet'
[] - [] - [] Initializing Servlet 'dispatcherServlet'
[] - [] - [] Completed initialization in 1 ms
[] - [] - [] Initiating Card Transaction
[] - [] - [] keyIndexResp : Set key index success
[] - [] - [] loadDtmkResp : true
[] - [] - [] loadTmkResp : true
[] - [] - [] loadWorkekyResp : false
[] - [] - [] card result : Communication results:NOERROR
Card type:2
Explanation by card type:Insert card
Whether FallBack:No
Main account:6080251300001806
Card validity:2812
Service code:226
Track 2 length:31
Track 2 message:6080251300001806D28122262570010F
Track 3 length:0
Track 3 message:null
Random data: zû÷Ç´Ñ•
Card serial No.:01
IC card data:9F02060000000055009F26083F519FD4CE2669419F2701809F10200FB501A0014004000000000000000000000000000000000000000000000000009F370443E4EA7E9F360200FD950504000400009A032601299C01005F2A020356820219009F1A0203569F03060000000000009F330360D0C89F34034203009F3501229F1E086D665F36306220208407A00000052410109F090200029F4104000000019F120B5275506179204465626974500B527550617920446562697457106080251300001806D28122262570010F
PIN length:4
PIN Ciphertext:561CD942AA2A7463

[] - [] - [] Completing Transaction
[] - [] - [] final responseChipData data : [9F270180950580800400009F2608CEC68F941554F38C9F02060000000000009F0306000000000000820238009F3602000A9F1A0203565F2A0203569A032410289C01319F3704B66937409F100706011203A0B8009F1E0836513230313636349F33036040009F350231319F0904303039369F34063432303330308407A00000000310105F34023030911037374233443942443030383030303030]
[] - [] - [] setting EMV response card data...
[] - [] - [] Transaction approved online
[] - [] - [] response code : 0
[] - [] - [] authData : 9F270180950580800400009F2608CEC68F941554F38C9F02060000000000009F0306000000000000820238009F3602000A9F1A0203565F2A0203569A032410289C01319F3704B66937409F100706011203A0B8009F1E0836513230313636349F33036040009F350231319F0904303039369F34063432303330308407A00000000310105F3402303091103737423344394244303038303030303003083030
[] - [] - [] Starting MfMp63WebApplication using Java 11.0.29 on MI-20151052625 with PID 15648 (D:\addlnUtils\mf-pos-impl\morefun-pos-implementation\build\classes\java\main started by Raghavendra in D:\addlnUtils\mf-pos-impl\morefun-pos-implementation)
[] - [] - [] No active profile set, falling back to 1 default profile: "default"
[] - [] - [] Tomcat initialized with port(s): 8897 (http)
[] - [] - [] Initializing ProtocolHandler ["http-nio-8897"]
[] - [] - [] Starting service [Tomcat]
[] - [] - [] Starting Servlet engine: [Apache Tomcat/9.0.71]
[] - [] - [] Initializing Spring embedded WebApplicationContext
[] - [] - [] Root WebApplicationContext: initialization completed in 1506 ms
[] - [] - [] Exposing 14 endpoint(s) beneath base path '/actuator'
[] - [] - [] Starting ProtocolHandler ["http-nio-8897"]
[] - [] - [] Tomcat started on port(s): 8897 (http) with context path '/mp63'
[] - [] - [] Started MfMp63WebApplication in 2.99 seconds (JVM running for 3.335)
[] - [] - [] Initializing Spring DispatcherServlet 'dispatcherServlet'
[] - [] - [] Initializing Servlet 'dispatcherServlet'
[] - [] - [] Completed initialization in 0 ms
[] - [] - [] Initiating Card Transaction
[] - [] - [] keyIndexResp : Set key index success
[] - [] - [] loadDtmkResp : true
[] - [] - [] loadTmkResp : true
[] - [] - [] loadWorkekyResp : false
[] - [] - [] card result : Communication results:NOERROR
Card type:2
Explanation by card type:Insert card
Whether FallBack:No
Main account:6080251300001806
Card validity:2812
Service code:226
Track 2 length:31
Track 2 message:6080251300001806D28122262570010F
Track 3 length:0
Track 3 message:null
Random data:¶Æ@ùu$
Card serial No.:01
IC card data:9F02060000000055009F26087EA0C006C91D5CAA9F2701809F10200FB501A0008004000000000000000000000000000000000000000000000000009F3704DAC1EF579F360200FE950504000400009A032601299C01005F2A020356820219009F1A0203569F03060000000000009F330360D0C89F34034203009F3501229F1E086D665F36306220208407A00000052410109F090200029F4104000000029F120B5275506179204465626974500B527550617920446562697457106080251300001806D28122262570010F
PIN length:4
PIN Ciphertext:561CD942AA2A7463

[] - [] - [] Completing Transaction
[] - [] - [] final responseChipData data : [9F270180950580800400009F2608CEC68F941554F38C9F02060000000000009F0306000000000000820238009F3602000A9F1A0203565F2A0203569A032410289C01319F3704B66937409F100706011203A0B8009F1E0836513230313636349F33036040009F350231319F0904303039369F34063432303330308407A00000000310105F34023030911037374233443942443030383030303030]
[] - [] - [] setting EMV response card data...
[] - [] - [] Transaction approved online
[] - [] - [] response code : 0
[] - [] - [] authData : 9F270180950580800400009F2608CEC68F941554F38C9F02060000000000009F0306000000000000820238009F3602000A9F1A0203565F2A0203569A032410289C01319F3704B66937409F100706011203A0B8009F1E0836513230313636349F33036040009F350231319F0904303039369F34063432303330308407A00000000310105F3402303091103737423344394244303038303030303003083030
[] - [] - [] Starting MfMp63WebApplication using Java 11.0.29 on MI-20151052625 with PID 432 (D:\addlnUtils\mf-pos-impl\morefun-pos-implementation\build\classes\java\main started by Raghavendra in D:\addlnUtils\mf-pos-impl\morefun-pos-implementation)
[] - [] - [] No active profile set, falling back to 1 default profile: "default"
[] - [] - [] Tomcat initialized with port(s): 8897 (http)
[] - [] - [] Initializing ProtocolHandler ["http-nio-8897"]
[] - [] - [] Starting service [Tomcat]
[] - [] - [] Starting Servlet engine: [Apache Tomcat/9.0.71]
[] - [] - [] Initializing Spring embedded WebApplicationContext
[] - [] - [] Root WebApplicationContext: initialization completed in 2049 ms
[] - [] - [] Exposing 14 endpoint(s) beneath base path '/actuator'
[] - [] - [] Starting ProtocolHandler ["http-nio-8897"]
[] - [] - [] Tomcat started on port(s): 8897 (http) with context path '/mp63'
[] - [] - [] Started MfMp63WebApplication in 3.913 seconds (JVM running for 4.258)
[] - [] - [] Starting MfMp63WebApplication using Java 11.0.29 on MI-20151052625 with PID 432 (D:\addlnUtils\mf-pos-impl\morefun-pos-implementation\build\classes\java\main started by Raghavendra in D:\addlnUtils\mf-pos-impl\morefun-pos-implementation)
[] - [] - [] No active profile set, falling back to 1 default profile: "default"
[] - [] - [] Tomcat initialized with port(s): 8897 (http)
[] - [] - [] Initializing ProtocolHandler ["http-nio-8897"]
[] - [] - [] Starting service [Tomcat]
[] - [] - [] Starting Servlet engine: [Apache Tomcat/9.0.71]
[] - [] - [] Initializing Spring embedded WebApplicationContext
[] - [] - [] Root WebApplicationContext: initialization completed in 302 ms
[] - [] - [] Exposing 14 endpoint(s) beneath base path '/actuator'
[] - [] - [] Starting ProtocolHandler ["http-nio-8897"]
[] - [] - [] Exception encountered during context initialization - cancelling refresh attempt: org.springframework.context.ApplicationContextException: Failed to start bean 'webServerStartStop'; nested exception is org.springframework.boot.web.server.PortInUseException: Port 8897 is already in use
[] - [] - [] Pausing ProtocolHandler ["http-nio-8897"]
[] - [] - [] Stopping service [Tomcat]
[] - [] - [] Stopping ProtocolHandler ["http-nio-8897"]
[] - [] - [] Destroying ProtocolHandler ["http-nio-8897"]
[] - [] - [] 

Error starting ApplicationContext. To display the conditions report re-run your application with 'debug' enabled.
[] - [] - [] 

***************************
APPLICATION FAILED TO START
***************************

Description:

Web server failed to start. Port 8897 was already in use.

Action:

Identify and stop the process that's listening on port 8897 or configure this application to listen on another port.

[] - [] - [] Starting MfMp63WebApplication using Java 11.0.29 on MI-20151052625 with PID 20180 (D:\addlnUtils\mf-pos-impl\morefun-pos-implementation\build\classes\java\main started by Raghavendra in D:\addlnUtils\mf-pos-impl\morefun-pos-implementation)
[] - [] - [] No active profile set, falling back to 1 default profile: "default"
[] - [] - [] Tomcat initialized with port(s): 8897 (http)
[] - [] - [] Initializing ProtocolHandler ["http-nio-8897"]
[] - [] - [] Starting service [Tomcat]
[] - [] - [] Starting Servlet engine: [Apache Tomcat/9.0.71]
[] - [] - [] Initializing Spring embedded WebApplicationContext
[] - [] - [] Root WebApplicationContext: initialization completed in 1789 ms
[] - [] - [] Exposing 14 endpoint(s) beneath base path '/actuator'
[] - [] - [] Starting ProtocolHandler ["http-nio-8897"]
[] - [] - [] Tomcat started on port(s): 8897 (http) with context path '/mp63'
[] - [] - [] Started MfMp63WebApplication in 3.8 seconds (JVM running for 4.117)
[] - [] - [] Starting MfMp63WebApplication using Java 11.0.29 on MI-20151052625 with PID 20180 (D:\addlnUtils\mf-pos-impl\morefun-pos-implementation\build\classes\java\main started by Raghavendra in D:\addlnUtils\mf-pos-impl\morefun-pos-implementation)
[] - [] - [] No active profile set, falling back to 1 default profile: "default"
[] - [] - [] Tomcat initialized with port(s): 8897 (http)
[] - [] - [] Initializing ProtocolHandler ["http-nio-8897"]
[] - [] - [] Starting service [Tomcat]
[] - [] - [] Starting Servlet engine: [Apache Tomcat/9.0.71]
[] - [] - [] Initializing Spring embedded WebApplicationContext
[] - [] - [] Root WebApplicationContext: initialization completed in 317 ms
[] - [] - [] Exposing 14 endpoint(s) beneath base path '/actuator'
[] - [] - [] Starting ProtocolHandler ["http-nio-8897"]
[] - [] - [] Exception encountered during context initialization - cancelling refresh attempt: org.springframework.context.ApplicationContextException: Failed to start bean 'webServerStartStop'; nested exception is org.springframework.boot.web.server.PortInUseException: Port 8897 is already in use
[] - [] - [] Pausing ProtocolHandler ["http-nio-8897"]
[] - [] - [] Stopping service [Tomcat]
[] - [] - [] Stopping ProtocolHandler ["http-nio-8897"]
[] - [] - [] Destroying ProtocolHandler ["http-nio-8897"]
[] - [] - [] 

Error starting ApplicationContext. To display the conditions report re-run your application with 'debug' enabled.
[] - [] - [] 

***************************
APPLICATION FAILED TO START
***************************

Description:

Web server failed to start. Port 8897 was already in use.

Action:

Identify and stop the process that's listening on port 8897 or configure this application to listen on another port.

[] - [] - [] Starting MfMp63WebApplication using Java 11.0.29 on MI-20151052625 with PID 18908 (D:\addlnUtils\mf-pos-impl\morefun-pos-implementation\build\classes\java\main started by Raghavendra in D:\addlnUtils\mf-pos-impl\morefun-pos-implementation)
[] - [] - [] No active profile set, falling back to 1 default profile: "default"
[] - [] - [] Tomcat initialized with port(s): 8897 (http)
[] - [] - [] Initializing ProtocolHandler ["http-nio-8897"]
[] - [] - [] Starting service [Tomcat]
[] - [] - [] Starting Servlet engine: [Apache Tomcat/9.0.71]
[] - [] - [] Initializing Spring embedded WebApplicationContext
[] - [] - [] Root WebApplicationContext: initialization completed in 2176 ms
[] - [] - [] Exposing 14 endpoint(s) beneath base path '/actuator'
[] - [] - [] Starting ProtocolHandler ["http-nio-8897"]
[] - [] - [] Tomcat started on port(s): 8897 (http) with context path '/mp63'
[] - [] - [] Started MfMp63WebApplication in 4.621 seconds (JVM running for 5.116)
[] - [] - [] Starting MfMp63WebApplication using Java 11.0.29 on MI-20151052625 with PID 18908 (D:\addlnUtils\mf-pos-impl\morefun-pos-implementation\build\classes\java\main started by Raghavendra in D:\addlnUtils\mf-pos-impl\morefun-pos-implementation)
[] - [] - [] No active profile set, falling back to 1 default profile: "default"
[] - [] - [] Tomcat initialized with port(s): 8897 (http)
[] - [] - [] Initializing ProtocolHandler ["http-nio-8897"]
[] - [] - [] Starting service [Tomcat]
[] - [] - [] Starting Servlet engine: [Apache Tomcat/9.0.71]
[] - [] - [] Initializing Spring embedded WebApplicationContext
[] - [] - [] Root WebApplicationContext: initialization completed in 317 ms
[] - [] - [] Exposing 14 endpoint(s) beneath base path '/actuator'
[] - [] - [] Starting ProtocolHandler ["http-nio-8897"]
[] - [] - [] Exception encountered during context initialization - cancelling refresh attempt: org.springframework.context.ApplicationContextException: Failed to start bean 'webServerStartStop'; nested exception is org.springframework.boot.web.server.PortInUseException: Port 8897 is already in use
[] - [] - [] Pausing ProtocolHandler ["http-nio-8897"]
[] - [] - [] Stopping service [Tomcat]
[] - [] - [] Stopping ProtocolHandler ["http-nio-8897"]
[] - [] - [] Destroying ProtocolHandler ["http-nio-8897"]
[] - [] - [] 

Error starting ApplicationContext. To display the conditions report re-run your application with 'debug' enabled.
[] - [] - [] 

***************************
APPLICATION FAILED TO START
***************************

Description:

Web server failed to start. Port 8897 was already in use.

Action:

Identify and stop the process that's listening on port 8897 or configure this application to listen on another port.

[] - [] - [] Starting MfMp63WebApplication using Java 11.0.29 on MI-20151052625 with PID 4116 (D:\addlnUtils\mf-pos-impl\morefun-pos-implementation\build\classes\java\main started by Raghavendra in D:\addlnUtils\mf-pos-impl\morefun-pos-implementation)
[] - [] - [] No active profile set, falling back to 1 default profile: "default"
[] - [] - [] Tomcat initialized with port(s): 8897 (http)
[] - [] - [] Initializing ProtocolHandler ["http-nio-8897"]
[] - [] - [] Starting service [Tomcat]
[] - [] - [] Starting Servlet engine: [Apache Tomcat/9.0.71]
[] - [] - [] Initializing Spring embedded WebApplicationContext
[] - [] - [] Root WebApplicationContext: initialization completed in 1353 ms
[] - [] - [] Exposing 14 endpoint(s) beneath base path '/actuator'
[] - [] - [] Starting ProtocolHandler ["http-nio-8897"]
[] - [] - [] Tomcat started on port(s): 8897 (http) with context path '/mp63'
[] - [] - [] Started MfMp63WebApplication in 3.151 seconds (JVM running for 3.477)
[] - [] - [] Initializing Spring DispatcherServlet 'dispatcherServlet'
[] - [] - [] Initializing Servlet 'dispatcherServlet'
[] - [] - [] Completed initialization in 12 ms
[] - [] - [] Starting MfMp63WebApplication using Java 11.0.29 on MI-20151052625 with PID 19504 (D:\addlnUtils\mf-pos-impl\morefun-pos-implementation\build\classes\java\main started by Raghavendra in D:\addlnUtils\mf-pos-impl\morefun-pos-implementation)
[] - [] - [] No active profile set, falling back to 1 default profile: "default"
[] - [] - [] Tomcat initialized with port(s): 8897 (http)
[] - [] - [] Initializing ProtocolHandler ["http-nio-8897"]
[] - [] - [] Starting service [Tomcat]
[] - [] - [] Starting Servlet engine: [Apache Tomcat/9.0.71]
[] - [] - [] Initializing Spring embedded WebApplicationContext
[] - [] - [] Root WebApplicationContext: initialization completed in 2825 ms
[] - [] - [] Exposing 14 endpoint(s) beneath base path '/actuator'
[] - [] - [] Starting ProtocolHandler ["http-nio-8897"]
[] - [] - [] Tomcat started on port(s): 8897 (http) with context path '/mp63'
[] - [] - [] Started MfMp63WebApplication in 5.451 seconds (JVM running for 6.325)
[] - [] - [] Starting MfMp63WebApplication using Java 11.0.29 on MI-20151052625 with PID 7468 (D:\addlnUtils\mf-pos-impl\morefun-pos-implementation\build\classes\java\main started by Raghavendra in D:\addlnUtils\mf-pos-impl\morefun-pos-implementation)
[] - [] - [] No active profile set, falling back to 1 default profile: "default"
[] - [] - [] Tomcat initialized with port(s): 8897 (http)
[] - [] - [] Initializing ProtocolHandler ["http-nio-8897"]
[] - [] - [] Starting service [Tomcat]
[] - [] - [] Starting Servlet engine: [Apache Tomcat/9.0.71]
[] - [] - [] Initializing Spring embedded WebApplicationContext
[] - [] - [] Root WebApplicationContext: initialization completed in 1349 ms
[] - [] - [] Exposing 14 endpoint(s) beneath base path '/actuator'
[] - [] - [] Starting ProtocolHandler ["http-nio-8897"]
[] - [] - [] Tomcat started on port(s): 8897 (http) with context path '/mp63'
[] - [] - [] Started MfMp63WebApplication in 2.826 seconds (JVM running for 3.167)
[] - [] - [] Initializing Spring DispatcherServlet 'dispatcherServlet'
[] - [] - [] Initializing Servlet 'dispatcherServlet'
[] - [] - [] Completed initialization in 0 ms
[] - [] - [] Starting MfMp63WebApplication using Java 11.0.29 on MI-20151052625 with PID 17056 (D:\addlnUtils\mf-pos-impl\morefun-pos-implementation\build\classes\java\main started by Raghavendra in D:\addlnUtils\mf-pos-impl\morefun-pos-implementation)
[] - [] - [] No active profile set, falling back to 1 default profile: "default"
[] - [] - [] Tomcat initialized with port(s): 8897 (http)
[] - [] - [] Initializing ProtocolHandler ["http-nio-8897"]
[] - [] - [] Starting service [Tomcat]
[] - [] - [] Starting Servlet engine: [Apache Tomcat/9.0.71]
[] - [] - [] Initializing Spring embedded WebApplicationContext
[] - [] - [] Root WebApplicationContext: initialization completed in 1816 ms
[] - [] - [] Exposing 14 endpoint(s) beneath base path '/actuator'
[] - [] - [] Starting ProtocolHandler ["http-nio-8897"]
[] - [] - [] Tomcat started on port(s): 8897 (http) with context path '/mp63'
[] - [] - [] Started MfMp63WebApplication in 4.083 seconds (JVM running for 4.419)
[] - [] - [] Initializing Spring DispatcherServlet 'dispatcherServlet'
[] - [] - [] Initializing Servlet 'dispatcherServlet'
[] - [] - [] Completed initialization in 0 ms
[] - [] - [] Starting MfMp63WebApplication using Java 11.0.29 on MI-20151052625 with PID 5520 (D:\addlnUtils\mf-pos-impl\morefun-pos-implementation\build\classes\java\main started by Raghavendra in D:\addlnUtils\mf-pos-impl\morefun-pos-implementation)
[] - [] - [] No active profile set, falling back to 1 default profile: "default"
[] - [] - [] Tomcat initialized with port(s): 8897 (http)
[] - [] - [] Initializing ProtocolHandler ["http-nio-8897"]
[] - [] - [] Starting service [Tomcat]
[] - [] - [] Starting Servlet engine: [Apache Tomcat/9.0.71]
[] - [] - [] Initializing Spring embedded WebApplicationContext
[] - [] - [] Root WebApplicationContext: initialization completed in 1316 ms
[] - [] - [] Exposing 14 endpoint(s) beneath base path '/actuator'
[] - [] - [] Starting ProtocolHandler ["http-nio-8897"]
[] - [] - [] Tomcat started on port(s): 8897 (http) with context path '/mp63'
[] - [] - [] Started MfMp63WebApplication in 2.753 seconds (JVM running for 3.075)
[] - [] - [] Initializing Spring DispatcherServlet 'dispatcherServlet'
[] - [] - [] Initializing Servlet 'dispatcherServlet'
[] - [] - [] Completed initialization in 0 ms
[] - [] - [] Starting MfMp63WebApplication using Java 11.0.29 on MI-20151052625 with PID 12048 (D:\addlnUtils\mf-pos-impl\morefun-pos-implementation\build\classes\java\main started by Raghavendra in D:\addlnUtils\mf-pos-impl\morefun-pos-implementation)
[] - [] - [] No active profile set, falling back to 1 default profile: "default"
[] - [] - [] Tomcat initialized with port(s): 8897 (http)
[] - [] - [] Initializing ProtocolHandler ["http-nio-8897"]
[] - [] - [] Starting service [Tomcat]
[] - [] - [] Starting Servlet engine: [Apache Tomcat/9.0.71]
[] - [] - [] Initializing Spring embedded WebApplicationContext
[] - [] - [] Root WebApplicationContext: initialization completed in 2165 ms
[] - [] - [] Exposing 14 endpoint(s) beneath base path '/actuator'
[] - [] - [] Starting ProtocolHandler ["http-nio-8897"]
[] - [] - [] Tomcat started on port(s): 8897 (http) with context path '/mp63'
[] - [] - [] Started MfMp63WebApplication in 4.581 seconds (JVM running for 4.93)
[] - [] - [] Initializing Spring DispatcherServlet 'dispatcherServlet'
[] - [] - [] Initializing Servlet 'dispatcherServlet'
[] - [] - [] Completed initialization in 1 ms
[] - [] - [] Starting MfMp63WebApplication using Java 11.0.29 on MI-20151052625 with PID 18224 (D:\addlnUtils\mf-pos-impl\morefun-pos-implementation\build\classes\java\main started by Raghavendra in D:\addlnUtils\mf-pos-impl\morefun-pos-implementation)
[] - [] - [] No active profile set, falling back to 1 default profile: "default"
[] - [] - [] Tomcat initialized with port(s): 8897 (http)
[] - [] - [] Initializing ProtocolHandler ["http-nio-8897"]
[] - [] - [] Starting service [Tomcat]
[] - [] - [] Starting Servlet engine: [Apache Tomcat/9.0.71]
[] - [] - [] Initializing Spring embedded WebApplicationContext
[] - [] - [] Root WebApplicationContext: initialization completed in 2542 ms
[] - [] - [] Exposing 14 endpoint(s) beneath base path '/actuator'
[] - [] - [] Starting ProtocolHandler ["http-nio-8897"]
[] - [] - [] Tomcat started on port(s): 8897 (http) with context path '/mp63'
[] - [] - [] Started MfMp63WebApplication in 5.447 seconds (JVM running for 6.151)
[] - [] - [] Initializing Spring DispatcherServlet 'dispatcherServlet'
[] - [] - [] Initializing Servlet 'dispatcherServlet'
[] - [] - [] Completed initialization in 1 ms
[] - [] - [] Device detached: HidServicesEvent{hidDevice=HidDevice [path=\\?\hid#vid_15b0&pid_a500&mi_00#7&183ad21c&0&0000#{4d1e55b2-f16f-11cf-88cb-001111000030}, vendorId=0x15b0, productId=0xffffa500, serialNumber=00000000050C, releaseNumber=0x100, manufacturer=MoreFun, product=MoreFun, usagePage=0x1, usage=0x0, interfaceNumber=0]}
[] - [] - [] Starting MfMp63WebApplication using Java 11.0.29 on MI-20151052625 with PID 12156 (D:\addlnUtils\mf-pos-impl\morefun-pos-implementation\build\classes\java\main started by Raghavendra in D:\addlnUtils\mf-pos-impl\morefun-pos-implementation)
[] - [] - [] No active profile set, falling back to 1 default profile: "default"
[] - [] - [] Tomcat initialized with port(s): 8897 (http)
[] - [] - [] Initializing ProtocolHandler ["http-nio-8897"]
[] - [] - [] Starting service [Tomcat]
[] - [] - [] Starting Servlet engine: [Apache Tomcat/9.0.71]
[] - [] - [] Initializing Spring embedded WebApplicationContext
[] - [] - [] Root WebApplicationContext: initialization completed in 1626 ms
[] - [] - [] Exposing 14 endpoint(s) beneath base path '/actuator'
[] - [] - [] Starting ProtocolHandler ["http-nio-8897"]
[] - [] - [] Tomcat started on port(s): 8897 (http) with context path '/mp63'
[] - [] - [] Started MfMp63WebApplication in 3.354 seconds (JVM running for 3.798)
[] - [] - [] Starting MfMp63WebApplication using Java 11.0.29 on MI-20151052625 with PID 9688 (D:\addlnUtils\mf-pos-impl\morefun-pos-implementation\build\classes\java\main started by Raghavendra in D:\addlnUtils\mf-pos-impl\morefun-pos-implementation)
[] - [] - [] No active profile set, falling back to 1 default profile: "default"
[] - [] - [] Tomcat initialized with port(s): 8897 (http)
[] - [] - [] Initializing ProtocolHandler ["http-nio-8897"]
[] - [] - [] Starting service [Tomcat]
[] - [] - [] Starting Servlet engine: [Apache Tomcat/9.0.71]
[] - [] - [] Initializing Spring embedded WebApplicationContext
[] - [] - [] Root WebApplicationContext: initialization completed in 2193 ms
[] - [] - [] Exposing 14 endpoint(s) beneath base path '/actuator'
[] - [] - [] Starting ProtocolHandler ["http-nio-8897"]
[] - [] - [] Tomcat started on port(s): 8897 (http) with context path '/mp63'
[] - [] - [] Started MfMp63WebApplication in 4.601 seconds (JVM running for 4.968)
[] - [] - [] Starting MfMp63WebApplication using Java 11.0.29 on MI-20151052625 with PID 2884 (D:\addlnUtils\mf-pos-impl\morefun-pos-implementation\build\classes\java\main started by Raghavendra in D:\addlnUtils\mf-pos-impl\morefun-pos-implementation)
[] - [] - [] No active profile set, falling back to 1 default profile: "default"
[] - [] - [] Tomcat initialized with port(s): 8897 (http)
[] - [] - [] Initializing ProtocolHandler ["http-nio-8897"]
[] - [] - [] Starting service [Tomcat]
[] - [] - [] Starting Servlet engine: [Apache Tomcat/9.0.71]
[] - [] - [] Initializing Spring embedded WebApplicationContext
[] - [] - [] Root WebApplicationContext: initialization completed in 1817 ms
[] - [] - [] Exposing 14 endpoint(s) beneath base path '/actuator'
[] - [] - [] Starting ProtocolHandler ["http-nio-8897"]
[] - [] - [] Tomcat started on port(s): 8897 (http) with context path '/mp63'
[] - [] - [] Started MfMp63WebApplication in 3.702 seconds (JVM running for 4.098)
[] - [] - [] Initializing Spring DispatcherServlet 'dispatcherServlet'
[] - [] - [] Initializing Servlet 'dispatcherServlet'
[] - [] - [] Completed initialization in 5 ms
[] - [] - [] Initiating Card Transaction
[] - [] - [] keyIndexResp : Set key index success
[] - [] - [] loadDtmkResp : true
[] - [] - [] loadTmkResp : true
[] - [] - [] loadWorkekyResp : false
[] - [] - [] card result : Communication results:NOERROR
Card type:2
Explanation by card type:Insert card
Whether FallBack:No
Main account:6080251300001806
Card validity:2812
Service code:226
Track 2 length:31
Track 2 message:6080251300001806D28122262570010F
Track 3 length:0
Track 3 message:null
Random data:Äpqú¯™@Â
Card serial No.:01
IC card data:9F02060000000055009F2608BE8C24E6FEFC911B9F2701809F10200FB501A0018004000000000000000000000000000000000000000000000000009F37041B5A6ACB9F36020102950504000400009A032602029C01005F2A020356820219009F1A0203569F03060000000000009F330360D0C89F34034203009F3501229F1E086D665F36306220208407A00000052410109F090200029F4104000000019F120B5275506179204465626974500B527550617920446562697457106080251300001806D28122262570010F
PIN length:4
PIN Ciphertext:D2DD4077C86EFE89

[] - [] - [] Starting MfMp63WebApplication using Java 11.0.29 on MI-20151052625 with PID 15572 (D:\addlnUtils\mf-pos-impl\morefun-pos-implementation\build\classes\java\main started by Raghavendra in D:\addlnUtils\mf-pos-impl\morefun-pos-implementation)
[] - [] - [] No active profile set, falling back to 1 default profile: "default"
[] - [] - [] Tomcat initialized with port(s): 8897 (http)
[] - [] - [] Initializing ProtocolHandler ["http-nio-8897"]
[] - [] - [] Starting service [Tomcat]
[] - [] - [] Starting Servlet engine: [Apache Tomcat/9.0.71]
[] - [] - [] Initializing Spring embedded WebApplicationContext
[] - [] - [] Root WebApplicationContext: initialization completed in 1825 ms
[] - [] - [] Exposing 14 endpoint(s) beneath base path '/actuator'
[] - [] - [] Starting ProtocolHandler ["http-nio-8897"]
[] - [] - [] Tomcat started on port(s): 8897 (http) with context path '/mp63'
[] - [] - [] Started MfMp63WebApplication in 3.68 seconds (JVM running for 4.059)
[] - [] - [] Initializing Spring DispatcherServlet 'dispatcherServlet'
[] - [] - [] Initializing Servlet 'dispatcherServlet'
[] - [] - [] Completed initialization in 1 ms
[] - [] - [] Initiating Card Transaction
[] - [] - [] keyIndexResp : Set key index success
[] - [] - [] loadDtmkResp : true
[] - [] - [] loadTmkResp : true
[] - [] - [] loadWorkekyResp : false
[] - [] - [] card result : Communication results:NOERROR
Card type:2
Explanation by card type:Insert card
Whether FallBack:No
Main account:6080251300001806
Card validity:2812
Service code:226
Track 2 length:31
Track 2 message:6080251300001806D28122262570010F
Track 3 length:0
Track 3 message:null
Random data:b?ô4®	zŒ
Card serial No.:01
IC card data:9F02060000000055009F2608FCA6C246DD3692939F2701809F10200FB501A0018004000000000000000000000000000000000000000000000000009F3704916A53D19F36020103950504000400009A032602029C01005F2A020356820219009F1A0203569F03060000000000009F330360D0C89F34034203009F3501229F1E086D665F36306220208407A00000052410109F090200029F4104000000029F120B5275506179204465626974500B527550617920446562697457106080251300001806D28122262570010F
PIN length:4
PIN Ciphertext:1B7D992501725946

[] - [] - [] Starting MfMp63WebApplication using Java 11.0.29 on MI-20151052625 with PID 18384 (D:\addlnUtils\mf-pos-impl\morefun-pos-implementation\build\classes\java\main started by Raghavendra in D:\addlnUtils\mf-pos-impl\morefun-pos-implementation)
[] - [] - [] No active profile set, falling back to 1 default profile: "default"
[] - [] - [] Tomcat initialized with port(s): 8897 (http)
[] - [] - [] Initializing ProtocolHandler ["http-nio-8897"]
[] - [] - [] Starting service [Tomcat]
[] - [] - [] Starting Servlet engine: [Apache Tomcat/9.0.71]
[] - [] - [] Initializing Spring embedded WebApplicationContext
[] - [] - [] Root WebApplicationContext: initialization completed in 1827 ms
[] - [] - [] Exposing 14 endpoint(s) beneath base path '/actuator'
[] - [] - [] Starting ProtocolHandler ["http-nio-8897"]
[] - [] - [] Tomcat started on port(s): 8897 (http) with context path '/mp63'
[] - [] - [] Started MfMp63WebApplication in 3.999 seconds (JVM running for 4.407)
[] - [] - [] Initializing Spring DispatcherServlet 'dispatcherServlet'
[] - [] - [] Initializing Servlet 'dispatcherServlet'
[] - [] - [] Completed initialization in 1 ms
[] - [] - [] Initiating Card Transaction
[] - [] - [] keyIndexResp : Set key index success
[] - [] - [] loadDtmkResp : true
[] - [] - [] loadTmkResp : true
[] - [] - [] loadWorkekyResp : true
[] - [] - [] card result : Communication results:NOERROR
Card type:6
Explanation by card type:Error
Whether FallBack:No
Main account:null
Card validity:null
Service code:null
Track 2 length:0
Track 2 message:null
Track 3 length:0
Track 3 message:null
Random data:Ì¥¢-–~)
Card serial No.:null
IC card data:null
PIN length:0
PIN Ciphertext:null

[] - [] - [] Starting MfMp63WebApplication using Java 11.0.29 on MI-20151052625 with PID 2840 (D:\addlnUtils\mf-pos-impl\morefun-pos-implementation\build\classes\java\main started by Raghavendra in D:\addlnUtils\mf-pos-impl\morefun-pos-implementation)
[] - [] - [] No active profile set, falling back to 1 default profile: "default"
[] - [] - [] Tomcat initialized with port(s): 8897 (http)
[] - [] - [] Initializing ProtocolHandler ["http-nio-8897"]
[] - [] - [] Starting service [Tomcat]
[] - [] - [] Starting Servlet engine: [Apache Tomcat/9.0.71]
[] - [] - [] Initializing Spring embedded WebApplicationContext
[] - [] - [] Root WebApplicationContext: initialization completed in 2042 ms
[] - [] - [] Exposing 14 endpoint(s) beneath base path '/actuator'
[] - [] - [] Starting ProtocolHandler ["http-nio-8897"]
[] - [] - [] Tomcat started on port(s): 8897 (http) with context path '/mp63'
[] - [] - [] Started MfMp63WebApplication in 4.14 seconds (JVM running for 4.513)
[] - [] - [] Initializing Spring DispatcherServlet 'dispatcherServlet'
[] - [] - [] Initializing Servlet 'dispatcherServlet'
[] - [] - [] Completed initialization in 1 ms
[] - [] - [] Initiating Card Transaction
[] - [] - [] keyIndexResp : Set key index success
[] - [] - [] loadDtmkResp : true
[] - [] - [] loadTmkResp : true
[] - [] - [] loadWorkekyResp : true
[] - [] - [] card result : Communication results:NOERROR
Card type:2
Explanation by card type:Insert card
Whether FallBack:No
Main account:6080251300001806
Card validity:2812
Service code:226
Track 2 length:31
Track 2 message:6080251300001806D28122262570010F
Track 3 length:0
Track 3 message:null
Random data:R-Æ‹½Ñî[
Card serial No.:01
IC card data:9F02060000000055009F26085B14F0BF0677A2689F2701809F10200FB501A0018004000000000000000000000000000000000000000000000000009F37041690F1AF9F36020104950504800400009A032602029C01005F2A020356820219009F1A0203569F03060000000000009F330360D0C89F34034203009F3501229F1E086D665F36306220208407A00000052410109F090200649F4104000000049F120B5275506179204465626974500B527550617920446562697457106080251300001806D28122262570010F
PIN length:4
PIN Ciphertext:BAFA6348A746C9EA

[] - [] - [] Starting MfMp63WebApplication using Java 11.0.29 on MI-20151052625 with PID 2616 (D:\addlnUtils\mf-pos-impl\morefun-pos-implementation\build\classes\java\main started by Raghavendra in D:\addlnUtils\mf-pos-impl\morefun-pos-implementation)
[] - [] - [] No active profile set, falling back to 1 default profile: "default"
[] - [] - [] Tomcat initialized with port(s): 8897 (http)
[] - [] - [] Initializing ProtocolHandler ["http-nio-8897"]
[] - [] - [] Starting service [Tomcat]
[] - [] - [] Starting Servlet engine: [Apache Tomcat/9.0.71]
[] - [] - [] Initializing Spring embedded WebApplicationContext
[] - [] - [] Root WebApplicationContext: initialization completed in 1752 ms
[] - [] - [] Exposing 14 endpoint(s) beneath base path '/actuator'
[] - [] - [] Starting ProtocolHandler ["http-nio-8897"]
[] - [] - [] Tomcat started on port(s): 8897 (http) with context path '/mp63'
[] - [] - [] Started MfMp63WebApplication in 3.613 seconds (JVM running for 4.019)
[] - [] - [] Initializing Spring DispatcherServlet 'dispatcherServlet'
[] - [] - [] Initializing Servlet 'dispatcherServlet'
[] - [] - [] Completed initialization in 1 ms
[] - [] - [] Initiating Card Transaction
[] - [] - [] keyIndexResp : Set key index success
[] - [] - [] loadDtmkResp : true
[] - [] - [] loadTmkResp : true
[] - [] - [] loadWorkekyResp : true
[] - [] - [] card result : Communication results:NOERROR
Card type:2
Explanation by card type:Insert card
Whether FallBack:No
Main account:6080251300001806
Card validity:2812
Service code:226
Track 2 length:31
Track 2 message:6080251300001806D28122262570010F
Track 3 length:0
Track 3 message:null
Random data:lÐüÒZsÕí
Card serial No.:01
IC card data:9F02060000000055009F2608FD2C4DD88369106D9F2701809F10200FB501A0018004000000000000000000000000000000000000000000000000009F3704D387B9B89F36020105950504800400009A032602029C01005F2A020356820219009F1A0203569F03060000000000009F330360D0C89F34034203009F3501229F1E086D665F36306220208407A00000052410109F090200649F4104000000059F120B5275506179204465626974500B527550617920446562697457106080251300001806D28122262570010F
PIN length:4
PIN Ciphertext:39DEAF0527582BAA

[] - [] - [] Device detached: HidServicesEvent{hidDevice=HidDevice [path=\\?\hid#vid_15b0&pid_a500&mi_00#7&183ad21c&0&0000#{4d1e55b2-f16f-11cf-88cb-001111000030}, vendorId=0x15b0, productId=0xffffa500, serialNumber=00000000050C, releaseNumber=0x100, manufacturer=MoreFun, product=MoreFun, usagePage=0x1, usage=0x0, interfaceNumber=0]}
[] - [] - [] Starting MfMp63WebApplication using Java 11.0.29 on MI-20151052625 with PID 24376 (D:\addlnUtils\mf-pos-impl\morefun-pos-implementation\build\classes\java\main started by Raghavendra in D:\addlnUtils\mf-pos-impl\morefun-pos-implementation)
[] - [] - [] No active profile set, falling back to 1 default profile: "default"
[] - [] - [] Tomcat initialized with port(s): 8897 (http)
[] - [] - [] Initializing ProtocolHandler ["http-nio-8897"]
[] - [] - [] Starting service [Tomcat]
[] - [] - [] Starting Servlet engine: [Apache Tomcat/9.0.71]
[] - [] - [] Initializing Spring embedded WebApplicationContext
[] - [] - [] Root WebApplicationContext: initialization completed in 2733 ms
[] - [] - [] Exposing 14 endpoint(s) beneath base path '/actuator'
[] - [] - [] Starting ProtocolHandler ["http-nio-8897"]
[] - [] - [] Tomcat started on port(s): 8897 (http) with context path '/mp63'
[] - [] - [] Started MfMp63WebApplication in 5.336 seconds (JVM running for 5.75)
[] - [] - [] Initializing Spring DispatcherServlet 'dispatcherServlet'
[] - [] - [] Initializing Servlet 'dispatcherServlet'
[] - [] - [] Completed initialization in 2 ms
[] - [] - [] Device detached: HidServicesEvent{hidDevice=HidDevice [path=\\?\hid#vid_15b0&pid_a500&mi_00#7&183ad21c&0&0000#{4d1e55b2-f16f-11cf-88cb-001111000030}, vendorId=0x15b0, productId=0xffffa500, serialNumber=00000000050C, releaseNumber=0x100, manufacturer=MoreFun, product=MoreFun, usagePage=0x1, usage=0x0, interfaceNumber=0]}
[] - [] - [] Initiating Card Transaction
[] - [] - [] keyIndexResp : Set key index success
[] - [] - [] loadDtmkResp : true
[] - [] - [] loadTmkResp : true
[] - [] - [] loadWorkekyResp : false
[] - [] - [] card result : Communication results:NOERROR
Card type:2
Explanation by card type:Insert card
Whether FallBack:No
Main account:6080251300001806
Card validity:2812
Service code:226
Track 2 length:31
Track 2 message:6080251300001806D28122262570010F
Track 3 length:0
Track 3 message:null
Random data:GXüŠ	ª)ù
Card serial No.:01
IC card data:9F02060000000055009F26080A259734662918659F2701809F10200FB501A0018004000000000000000000000000000000000000000000000000009F370437D2FAC49F36020106950504800400009A032602029C01005F2A020356820219009F1A0203569F03060000000000009F330360D0C89F34034203009F3501229F1E086D665F36306220208407A00000052410109F090200649F4104000000019F120B5275506179204465626974500B527550617920446562697457106080251300001806D28122262570010F
PIN length:4
PIN Ciphertext:533E28120E500637

[] - [] - [] Initiating Card Transaction
[] - [] - [] keyIndexResp : Set key index success
[] - [] - [] loadDtmkResp : true
[] - [] - [] loadTmkResp : true
[] - [] - [] loadWorkekyResp : false
[] - [] - [] card result : Communication results:NOERROR
Card type:2
Explanation by card type:Insert card
Whether FallBack:No
Main account:6080251300001806
Card validity:2812
Service code:226
Track 2 length:31
Track 2 message:6080251300001806D28122262570010F
Track 3 length:0
Track 3 message:null
Random data:i£]Ð–ð
Card serial No.:01
IC card data:9F02060000000055009F26084E4E8A8FF3FFC0099F2701809F10200FB501A0018004000000000000000000000000000000000000000000000000009F3704FE7F0D6C9F36020107950504800400009A032602029C01005F2A020356820219009F1A0203569F03060000000000009F330360D0C89F34034203009F3501229F1E086D665F36306220208407A00000052410109F090200649F4104000000029F120B5275506179204465626974500B527550617920446562697457106080251300001806D28122262570010F
PIN length:4
PIN Ciphertext:BAFA6348A746C9EA

[] - [] - [] Device detached: HidServicesEvent{hidDevice=HidDevice [path=\\?\hid#vid_15b0&pid_a500&mi_00#7&183ad21c&0&0000#{4d1e55b2-f16f-11cf-88cb-001111000030}, vendorId=0x15b0, productId=0xffffa500, serialNumber=00000000050C, releaseNumber=0x100, manufacturer=MoreFun, product=MoreFun, usagePage=0x1, usage=0x0, interfaceNumber=0]}
[] - [] - [] Starting MfMp63WebApplication using Java 11.0.29 on MI-20151052625 with PID 14068 (D:\addlnUtils\mf-pos-impl\morefun-pos-implementation\build\classes\java\main started by Raghavendra in D:\addlnUtils\mf-pos-impl\morefun-pos-implementation)
[] - [] - [] No active profile set, falling back to 1 default profile: "default"
[] - [] - [] Tomcat initialized with port(s): 8897 (http)
[] - [] - [] Initializing ProtocolHandler ["http-nio-8897"]
[] - [] - [] Starting service [Tomcat]
[] - [] - [] Starting Servlet engine: [Apache Tomcat/9.0.71]
[] - [] - [] Initializing Spring embedded WebApplicationContext
[] - [] - [] Root WebApplicationContext: initialization completed in 2019 ms
[] - [] - [] Exposing 14 endpoint(s) beneath base path '/actuator'
[] - [] - [] Starting ProtocolHandler ["http-nio-8897"]
[] - [] - [] Tomcat started on port(s): 8897 (http) with context path '/mp63'
[] - [] - [] Started MfMp63WebApplication in 4.729 seconds (JVM running for 5.182)
[] - [] - [] Initializing Spring DispatcherServlet 'dispatcherServlet'
[] - [] - [] Initializing Servlet 'dispatcherServlet'
[] - [] - [] Completed initialization in 2 ms
[] - [] - [] Initiating Card Transaction
[] - [] - [] keyIndexResp : Set key index success
[] - [] - [] loadDtmkResp : true
[] - [] - [] loadTmkResp : true
[] - [] - [] loadWorkekyResp : false
[] - [] - [] card result : Communication results:NOERROR
Card type:6
Explanation by card type:Error
Whether FallBack:No
Main account:null
Card validity:null
Service code:null
Track 2 length:0
Track 2 message:null
Track 3 length:0
Track 3 message:null
Random data:ª·ntRÍ
Card serial No.:null
IC card data:null
PIN length:0
PIN Ciphertext:null

[] - [] - [] Device detached: HidServicesEvent{hidDevice=HidDevice [path=\\?\hid#vid_15b0&pid_a500&mi_00#7&183ad21c&0&0000#{4d1e55b2-f16f-11cf-88cb-001111000030}, vendorId=0x15b0, productId=0xffffa500, serialNumber=00000000050C, releaseNumber=0x100, manufacturer=MoreFun, product=MoreFun, usagePage=0x1, usage=0x0, interfaceNumber=0]}
[] - [] - [] Starting MfMp63WebApplication using Java 11.0.29 on MI-20151052625 with PID 17852 (D:\addlnUtils\mf-pos-impl\morefun-pos-implementation\build\classes\java\main started by Raghavendra in D:\addlnUtils\mf-pos-impl\morefun-pos-implementation)
[] - [] - [] No active profile set, falling back to 1 default profile: "default"
[] - [] - [] Tomcat initialized with port(s): 8897 (http)
[] - [] - [] Initializing ProtocolHandler ["http-nio-8897"]
[] - [] - [] Starting service [Tomcat]
[] - [] - [] Starting Servlet engine: [Apache Tomcat/9.0.71]
[] - [] - [] Initializing Spring embedded WebApplicationContext
[] - [] - [] Root WebApplicationContext: initialization completed in 3448 ms
[] - [] - [] Exposing 14 endpoint(s) beneath base path '/actuator'
[] - [] - [] Starting ProtocolHandler ["http-nio-8897"]
[] - [] - [] Tomcat started on port(s): 8897 (http) with context path '/mp63'
[] - [] - [] Started MfMp63WebApplication in 6.204 seconds (JVM running for 7.174)
[] - [] - [] Initializing Spring DispatcherServlet 'dispatcherServlet'
[] - [] - [] Initializing Servlet 'dispatcherServlet'
[] - [] - [] Completed initialization in 1 ms
[] - [] - [] Initiating Card Transaction
[] - [] - [] keyIndexResp : Set key index success
[] - [] - [] loadDtmkResp : true
[] - [] - [] loadTmkResp : true
[] - [] - [] loadWorkekyResp : true
[] - [] - [] card result : Communication results:NOERROR
Card type:6
Explanation by card type:Error
Whether FallBack:No
Main account:null
Card validity:null
Service code:null
Track 2 length:0
Track 2 message:null
Track 3 length:0
Track 3 message:null
Random data:{T]Û+Kº
Card serial No.:null
IC card data:null
PIN length:0
PIN Ciphertext:null

[] - [] - [] Starting MfMp63WebApplication using Java 11.0.29 on MI-20151052625 with PID 14492 (D:\addlnUtils\mf-pos-impl\morefun-pos-implementation\build\classes\java\main started by Raghavendra in D:\addlnUtils\mf-pos-impl\morefun-pos-implementation)
[] - [] - [] No active profile set, falling back to 1 default profile: "default"
[] - [] - [] Tomcat initialized with port(s): 8897 (http)
[] - [] - [] Initializing ProtocolHandler ["http-nio-8897"]
[] - [] - [] Starting service [Tomcat]
[] - [] - [] Starting Servlet engine: [Apache Tomcat/9.0.71]
[] - [] - [] Initializing Spring embedded WebApplicationContext
[] - [] - [] Root WebApplicationContext: initialization completed in 1974 ms
[] - [] - [] Exposing 14 endpoint(s) beneath base path '/actuator'
[] - [] - [] Starting ProtocolHandler ["http-nio-8897"]
[] - [] - [] Tomcat started on port(s): 8897 (http) with context path '/mp63'
[] - [] - [] Started MfMp63WebApplication in 4.526 seconds (JVM running for 4.927)
[] - [] - [] Initializing Spring DispatcherServlet 'dispatcherServlet'
[] - [] - [] Initializing Servlet 'dispatcherServlet'
[] - [] - [] Completed initialization in 0 ms
[] - [] - [] Initiating Card Transaction
[] - [] - [] keyIndexResp : Set key index success
[] - [] - [] loadDtmkResp : true
[] - [] - [] loadTmkResp : true
[] - [] - [] loadWorkekyResp : true
[] - [] - [] card result : Communication results:NOERROR
Card type:6
Explanation by card type:Error
Whether FallBack:No
Main account:null
Card validity:null
Service code:null
Track 2 length:0
Track 2 message:null
Track 3 length:0
Track 3 message:null
Random data:`ƒù§çoÒ
Card serial No.:null
IC card data:null
PIN length:0
PIN Ciphertext:null

[] - [] - [] Starting MfMp63WebApplication using Java 11.0.29 on MI-20151052625 with PID 16216 (D:\addlnUtils\mf-pos-impl\morefun-pos-implementation\build\classes\java\main started by Raghavendra in D:\addlnUtils\mf-pos-impl\morefun-pos-implementation)
[] - [] - [] No active profile set, falling back to 1 default profile: "default"
[] - [] - [] Tomcat initialized with port(s): 8897 (http)
[] - [] - [] Initializing ProtocolHandler ["http-nio-8897"]
[] - [] - [] Starting service [Tomcat]
[] - [] - [] Starting Servlet engine: [Apache Tomcat/9.0.71]
[] - [] - [] Initializing Spring embedded WebApplicationContext
[] - [] - [] Root WebApplicationContext: initialization completed in 2010 ms
[] - [] - [] Exposing 14 endpoint(s) beneath base path '/actuator'
[] - [] - [] Starting ProtocolHandler ["http-nio-8897"]
[] - [] - [] Tomcat started on port(s): 8897 (http) with context path '/mp63'
[] - [] - [] Started MfMp63WebApplication in 4.804 seconds (JVM running for 5.2)
[] - [] - [] Initializing Spring DispatcherServlet 'dispatcherServlet'
[] - [] - [] Initializing Servlet 'dispatcherServlet'
[] - [] - [] Completed initialization in 0 ms
[] - [] - [] Initiating Card Transaction
[] - [] - [] keyIndexResp : Set key index success
[] - [] - [] loadDtmkResp : true
[] - [] - [] loadTmkResp : false
[] - [] - [] Starting MfMp63WebApplication using Java 11.0.29 on MI-20151052625 with PID 26396 (D:\addlnUtils\mf-pos-impl\morefun-pos-implementation\build\classes\java\main started by Raghavendra in D:\addlnUtils\mf-pos-impl\morefun-pos-implementation)
[] - [] - [] No active profile set, falling back to 1 default profile: "default"
[] - [] - [] Tomcat initialized with port(s): 8897 (http)
[] - [] - [] Initializing ProtocolHandler ["http-nio-8897"]
[] - [] - [] Starting service [Tomcat]
[] - [] - [] Starting Servlet engine: [Apache Tomcat/9.0.71]
[] - [] - [] Initializing Spring embedded WebApplicationContext
[] - [] - [] Root WebApplicationContext: initialization completed in 2671 ms
[] - [] - [] Exposing 14 endpoint(s) beneath base path '/actuator'
[] - [] - [] Starting ProtocolHandler ["http-nio-8897"]
[] - [] - [] Tomcat started on port(s): 8897 (http) with context path '/mp63'
[] - [] - [] Started MfMp63WebApplication in 6.156 seconds (JVM running for 6.627)
[] - [] - [] Initializing Spring DispatcherServlet 'dispatcherServlet'
[] - [] - [] Initializing Servlet 'dispatcherServlet'
[] - [] - [] Completed initialization in 2 ms
[] - [] - [] Initiating Card Transaction
[] - [] - [] keyIndexResp : Set key index success
[] - [] - [] loadDtmkResp : true
[] - [] - [] loadTmkResp : false
[] - [] - [] Starting MfMp63WebApplication using Java 11.0.29 on MI-20151052625 with PID 15264 (D:\addlnUtils\mf-pos-impl\morefun-pos-implementation\build\classes\java\main started by Raghavendra in D:\addlnUtils\mf-pos-impl\morefun-pos-implementation)
[] - [] - [] No active profile set, falling back to 1 default profile: "default"
[] - [] - [] Tomcat initialized with port(s): 8897 (http)
[] - [] - [] Initializing ProtocolHandler ["http-nio-8897"]
[] - [] - [] Starting service [Tomcat]
[] - [] - [] Starting Servlet engine: [Apache Tomcat/9.0.71]
[] - [] - [] Initializing Spring embedded WebApplicationContext
[] - [] - [] Root WebApplicationContext: initialization completed in 1844 ms
[] - [] - [] Exposing 14 endpoint(s) beneath base path '/actuator'
[] - [] - [] Starting ProtocolHandler ["http-nio-8897"]
[] - [] - [] Tomcat started on port(s): 8897 (http) with context path '/mp63'
[] - [] - [] Started MfMp63WebApplication in 3.861 seconds (JVM running for 4.247)
[] - [] - [] Initializing Spring DispatcherServlet 'dispatcherServlet'
[] - [] - [] Initializing Servlet 'dispatcherServlet'
[] - [] - [] Completed initialization in 0 ms
[] - [] - [] Initiating Card Transaction
[] - [] - [] keyIndexResp : Set key index success
[] - [] - [] loadDtmkResp : true
[] - [] - [] loadTmkResp : true
[] - [] - [] Starting MfMp63WebApplication using Java 11.0.29 on MI-20151052625 with PID 2072 (D:\addlnUtils\mf-pos-impl\morefun-pos-implementation\build\classes\java\main started by Raghavendra in D:\addlnUtils\mf-pos-impl\morefun-pos-implementation)
[] - [] - [] No active profile set, falling back to 1 default profile: "default"
[] - [] - [] Tomcat initialized with port(s): 8897 (http)
[] - [] - [] Initializing ProtocolHandler ["http-nio-8897"]
[] - [] - [] Starting service [Tomcat]
[] - [] - [] Starting Servlet engine: [Apache Tomcat/9.0.71]
[] - [] - [] Initializing Spring embedded WebApplicationContext
[] - [] - [] Root WebApplicationContext: initialization completed in 2058 ms
[] - [] - [] Exposing 14 endpoint(s) beneath base path '/actuator'
[] - [] - [] Starting ProtocolHandler ["http-nio-8897"]
[] - [] - [] Tomcat started on port(s): 8897 (http) with context path '/mp63'
[] - [] - [] Started MfMp63WebApplication in 4.081 seconds (JVM running for 4.571)
[] - [] - [] Initializing Spring DispatcherServlet 'dispatcherServlet'
[] - [] - [] Initializing Servlet 'dispatcherServlet'
[] - [] - [] Completed initialization in 0 ms
[] - [] - [] Initiating Card Transaction
[] - [] - [] keyIndexResp : Set key index success
[] - [] - [] loadDtmkResp : true
[] - [] - [] loadTmkResp : true
[] - [] - [] loadWorkekyResp : true
[] - [] - [] card result : Communication results:NOERROR
Card type:6
Explanation by card type:Error
Whether FallBack:No
Main account:null
Card validity:null
Service code:null
Track 2 length:0
Track 2 message:null
Track 3 length:0
Track 3 message:null
Random data:‹·Âì/oJ|
Card serial No.:null
IC card data:null
PIN length:0
PIN Ciphertext:null

[] - [] - [] Starting MfMp63WebApplication using Java 11.0.29 on MI-20151052625 with PID 20028 (D:\addlnUtils\mf-pos-impl\morefun-pos-implementation\build\classes\java\main started by Raghavendra in D:\addlnUtils\mf-pos-impl\morefun-pos-implementation)
[] - [] - [] No active profile set, falling back to 1 default profile: "default"
[] - [] - [] Tomcat initialized with port(s): 8897 (http)
[] - [] - [] Initializing ProtocolHandler ["http-nio-8897"]
[] - [] - [] Starting service [Tomcat]
[] - [] - [] Starting Servlet engine: [Apache Tomcat/9.0.71]
[] - [] - [] Initializing Spring embedded WebApplicationContext
[] - [] - [] Root WebApplicationContext: initialization completed in 2094 ms
[] - [] - [] Exposing 14 endpoint(s) beneath base path '/actuator'
[] - [] - [] Starting ProtocolHandler ["http-nio-8897"]
[] - [] - [] Tomcat started on port(s): 8897 (http) with context path '/mp63'
[] - [] - [] Started MfMp63WebApplication in 4.364 seconds (JVM running for 4.824)
[] - [] - [] Initializing Spring DispatcherServlet 'dispatcherServlet'
[] - [] - [] Initializing Servlet 'dispatcherServlet'
[] - [] - [] Completed initialization in 0 ms
[] - [] - [] Initiating Card Transaction
[] - [] - [] keyIndexResp : Set key index success
[] - [] - [] loadDtmkResp : true
[] - [] - [] loadTmkResp : true
[] - [] - [] loadWorkekyResp : true
[] - [] - [] load emv resp : true
[] - [] - [] load aid resp : Start download AID(1/12)
Start download AID(2/12)
Start download AID(3/12)
Start download AID(4/12)
Start download AID(5/12)
Start download AID(6/12)
Start download AID(7/12)
Start download AID(8/12)
Start download AID(9/12)
Start download AID(10/12)
Start download AID(11/12)
Start download AID(12/12)

[] - [] - [] load capk resp : Downlaod Capk(1/26)
Downlaod Capk(2/26)
Downlaod Capk(3/26)
Downlaod Capk(4/26)
Downlaod Capk(5/26)
Downlaod Capk(6/26)
Downlaod Capk(7/26)
Downlaod Capk(8/26)
Downlaod Capk(9/26)
Downlaod Capk(10/26)
Downlaod Capk(11/26)
Downlaod Capk(12/26)
Downlaod Capk(13/26)
Downlaod Capk(14/26)
Downlaod Capk(15/26)
Downlaod Capk(16/26)
Downlaod Capk(17/26)
Downlaod Capk(18/26)
Downlaod Capk(19/26)
Downlaod Capk(20/26)
Downlaod Capk(21/26)
Downlaod Capk(22/26)
Downlaod Capk(23/26)
Downlaod Capk(24/26)
Downlaod Capk(25/26)
Downlaod Capk(26/26)

[] - [] - [] card result : Communication results:NOERROR
Card type:6
Explanation by card type:Error
Whether FallBack:No
Main account:null
Card validity:null
Service code:null
Track 2 length:0
Track 2 message:null
Track 3 length:0
Track 3 message:null
Random data:ZVZOdT'
Card serial No.:null
IC card data:null
PIN length:0
PIN Ciphertext:null

[] - [] - [] Starting MfMp63WebApplication using Java 11.0.29 on MI-20151052625 with PID 12116 (D:\addlnUtils\mf-pos-impl\morefun-pos-implementation\build\classes\java\main started by Raghavendra in D:\addlnUtils\mf-pos-impl\morefun-pos-implementation)
[] - [] - [] No active profile set, falling back to 1 default profile: "default"
[] - [] - [] Tomcat initialized with port(s): 8897 (http)
[] - [] - [] Initializing ProtocolHandler ["http-nio-8897"]
[] - [] - [] Starting service [Tomcat]
[] - [] - [] Starting Servlet engine: [Apache Tomcat/9.0.71]
[] - [] - [] Initializing Spring embedded WebApplicationContext
[] - [] - [] Root WebApplicationContext: initialization completed in 2135 ms
[] - [] - [] Exposing 14 endpoint(s) beneath base path '/actuator'
[] - [] - [] Starting ProtocolHandler ["http-nio-8897"]
[] - [] - [] Tomcat started on port(s): 8897 (http) with context path '/mp63'
[] - [] - [] Started MfMp63WebApplication in 5.112 seconds (JVM running for 5.5)
[] - [] - [] Initializing Spring DispatcherServlet 'dispatcherServlet'
[] - [] - [] Initializing Servlet 'dispatcherServlet'
[] - [] - [] Completed initialization in 2 ms
[] - [] - [] Initiating Card Transaction
[] - [] - [] keyIndexResp : Set key index success
[] - [] - [] loadDtmkResp : true
[] - [] - [] loadTmkResp : true
[] - [] - [] loadWorkekyResp : true
[] - [] - [] load emv resp : true
[] - [] - [] load aid resp : Start download AID(1/12)
Start download AID(2/12)
Start download AID(3/12)
Start download AID(4/12)
Start download AID(5/12)
Start download AID(6/12)
Start download AID(7/12)
Start download AID(8/12)
Start download AID(9/12)
Start download AID(10/12)
Start download AID(11/12)
Start download AID(12/12)

[] - [] - [] load capk resp : Downlaod Capk(1/26)
Downlaod Capk(2/26)
Downlaod Capk(3/26)
Downlaod Capk(4/26)
Downlaod Capk(5/26)
Downlaod Capk(6/26)
Downlaod Capk(7/26)
Downlaod Capk(8/26)
Downlaod Capk(9/26)
Downlaod Capk(10/26)
Downlaod Capk(11/26)
Downlaod Capk(12/26)
Downlaod Capk(13/26)
Downlaod Capk(14/26)
Downlaod Capk(15/26)
Downlaod Capk(16/26)
Downlaod Capk(17/26)
Downlaod Capk(18/26)
Downlaod Capk(19/26)
Downlaod Capk(20/26)
Downlaod Capk(21/26)
Downlaod Capk(22/26)
Downlaod Capk(23/26)
Downlaod Capk(24/26)
Downlaod Capk(25/26)
Downlaod Capk(26/26)

[] - [] - [] card result : Communication results:NOERROR
Card type:6
Explanation by card type:Error
Whether FallBack:No
Main account:null
Card validity:null
Service code:null
Track 2 length:0
Track 2 message:null
Track 3 length:0
Track 3 message:null
Random data:‹ãà¿²x;6
Card serial No.:null
IC card data:null
PIN length:0
PIN Ciphertext:null

[] - [] - [] Initiating Card Transaction
[] - [] - [] keyIndexResp : Set key index success
[] - [] - [] loadDtmkResp : true
[] - [] - [] loadTmkResp : true
[] - [] - [] loadWorkekyResp : true
[] - [] - [] load emv resp : true
[] - [] - [] load aid resp : Start download AID(1/12)
Start download AID(2/12)
Start download AID(3/12)
Start download AID(4/12)
Start download AID(5/12)
Start download AID(6/12)
Start download AID(7/12)
Start download AID(8/12)
Start download AID(9/12)
Start download AID(10/12)
Start download AID(11/12)
Start download AID(12/12)

[] - [] - [] load capk resp : Downlaod Capk(1/26)
Downlaod Capk(2/26)
Downlaod Capk(3/26)
Downlaod Capk(4/26)
Downlaod Capk(5/26)
Downlaod Capk(6/26)
Downlaod Capk(7/26)
Downlaod Capk(8/26)
Downlaod Capk(9/26)
Downlaod Capk(10/26)
Downlaod Capk(11/26)
Downlaod Capk(12/26)
Downlaod Capk(13/26)
Downlaod Capk(14/26)
Downlaod Capk(15/26)
Downlaod Capk(16/26)
Downlaod Capk(17/26)
Downlaod Capk(18/26)
Downlaod Capk(19/26)
Downlaod Capk(20/26)
Downlaod Capk(21/26)
Downlaod Capk(22/26)
Downlaod Capk(23/26)
Downlaod Capk(24/26)
Downlaod Capk(25/26)
Downlaod Capk(26/26)

[] - [] - [] card result : Communication results:NOERROR
Card type:6
Explanation by card type:Error
Whether FallBack:No
Main account:null
Card validity:null
Service code:null
Track 2 length:0
Track 2 message:null
Track 3 length:0
Track 3 message:null
Random data:•pæ¹çé
Card serial No.:null
IC card data:null
PIN length:0
PIN Ciphertext:null

[] - [] - [] Device detached: HidServicesEvent{hidDevice=HidDevice [path=\\?\hid#vid_15b0&pid_a500&mi_00#7&183ad21c&0&0000#{4d1e55b2-f16f-11cf-88cb-001111000030}, vendorId=0x15b0, productId=0xffffa500, serialNumber=00000000050C, releaseNumber=0x100, manufacturer=MoreFun, product=MoreFun, usagePage=0x1, usage=0x0, interfaceNumber=0]}
[] - [] - [] Initiating Card Transaction
[] - [] - [] keyIndexResp : Set key index success
[] - [] - [] loadDtmkResp : true
[] - [] - [] loadTmkResp : true
[] - [] - [] loadWorkekyResp : true
[] - [] - [] load emv resp : true
[] - [] - [] load aid resp : Start download AID(1/12)
Start download AID(2/12)
Start download AID(3/12)
Start download AID(4/12)
Start download AID(5/12)
Start download AID(6/12)
Start download AID(7/12)
Start download AID(8/12)
Start download AID(9/12)
Start download AID(10/12)
Start download AID(11/12)
Start download AID(12/12)

[] - [] - [] load capk resp : Downlaod Capk(1/26)
Downlaod Capk(2/26)
Downlaod Capk(3/26)
Downlaod Capk(4/26)
Downlaod Capk(5/26)
Downlaod Capk(6/26)
Downlaod Capk(7/26)
Downlaod Capk(8/26)
Downlaod Capk(9/26)
Downlaod Capk(10/26)
Downlaod Capk(11/26)
Downlaod Capk(12/26)
Downlaod Capk(13/26)
Downlaod Capk(14/26)
Downlaod Capk(15/26)
Downlaod Capk(16/26)
Downlaod Capk(17/26)
Downlaod Capk(18/26)
Downlaod Capk(19/26)
Downlaod Capk(20/26)
Downlaod Capk(21/26)
Downlaod Capk(22/26)
Downlaod Capk(23/26)
Downlaod Capk(24/26)
Downlaod Capk(25/26)
Downlaod Capk(26/26)

[] - [] - [] card result : Communication results:NOERROR
Card type:6
Explanation by card type:Error
Whether FallBack:No
Main account:null
Card validity:null
Service code:null
Track 2 length:0
Track 2 message:null
Track 3 length:0
Track 3 message:null
Random data:ƒ:.Â0
Card serial No.:null
IC card data:null
PIN length:0
PIN Ciphertext:null

[] - [] - [] Initiating Card Transaction
[] - [] - [] keyIndexResp : Set key index success
[] - [] - [] loadDtmkResp : true
[] - [] - [] loadTmkResp : true
[] - [] - [] loadWorkekyResp : true
[] - [] - [] load emv resp : true
[] - [] - [] load aid resp : Start download AID(1/12)
Start download AID(2/12)
Start download AID(3/12)
Start download AID(4/12)
Start download AID(5/12)
Start download AID(6/12)
Start download AID(7/12)
Start download AID(8/12)
Start download AID(9/12)
Start download AID(10/12)
Start download AID(11/12)
Start download AID(12/12)

[] - [] - [] load capk resp : Downlaod Capk(1/26)
Downlaod Capk(2/26)
Downlaod Capk(3/26)
Downlaod Capk(4/26)
Downlaod Capk(5/26)
Downlaod Capk(6/26)
Downlaod Capk(7/26)
Downlaod Capk(8/26)
Downlaod Capk(9/26)
Downlaod Capk(10/26)
Downlaod Capk(11/26)
Downlaod Capk(12/26)
Downlaod Capk(13/26)
Downlaod Capk(14/26)
Downlaod Capk(15/26)
Downlaod Capk(16/26)
Downlaod Capk(17/26)
Downlaod Capk(18/26)
Downlaod Capk(19/26)
Downlaod Capk(20/26)
Downlaod Capk(21/26)
Downlaod Capk(22/26)
Downlaod Capk(23/26)
Downlaod Capk(24/26)
Downlaod Capk(25/26)
Downlaod Capk(26/26)

[] - [] - [] card result : Communication results:NOERROR
Card type:2
Explanation by card type:Insert card
Whether FallBack:No
Main account:6080251300001806
Card validity:2812
Service code:226
Track 2 length:31
Track 2 message:6080251300001806D28122262570010F
Track 3 length:0
Track 3 message:null
Random data:gcö“ «ÀG
Card serial No.:01
IC card data:9F02060000000055009F26081B4C8970A9B8D2179F2701809F10200FB501A0018004000000000000000000000000000000000000000000000000009F3704CDC591699F36020108950504800400009A032602039C01005F2A020356820219009F1A0203569F03060000000000009F330360D0C89F34034203009F3501229F1E086D665F36306220208407A00000052410109F090200649F4104000000089F120B5275506179204465626974500B527550617920446562697457106080251300001806D28122262570010F
PIN length:4
PIN Ciphertext:A8A9915AC65F9F72

[] - [] - [] Starting MfMp63WebApplication using Java 11.0.29 on MI-20151052625 with PID 17088 (D:\addlnUtils\mf-pos-impl\morefun-pos-implementation\build\classes\java\main started by Raghavendra in D:\addlnUtils\mf-pos-impl\morefun-pos-implementation)
[] - [] - [] No active profile set, falling back to 1 default profile: "default"
[] - [] - [] Tomcat initialized with port(s): 8897 (http)
[] - [] - [] Initializing ProtocolHandler ["http-nio-8897"]
[] - [] - [] Starting service [Tomcat]
[] - [] - [] Starting Servlet engine: [Apache Tomcat/9.0.71]
[] - [] - [] Initializing Spring embedded WebApplicationContext
[] - [] - [] Root WebApplicationContext: initialization completed in 2728 ms
[] - [] - [] Exposing 14 endpoint(s) beneath base path '/actuator'
[] - [] - [] Starting ProtocolHandler ["http-nio-8897"]
[] - [] - [] Tomcat started on port(s): 8897 (http) with context path '/mp63'
[] - [] - [] Started MfMp63WebApplication in 5.41 seconds (JVM running for 5.782)
[] - [] - [] Initializing Spring DispatcherServlet 'dispatcherServlet'
[] - [] - [] Initializing Servlet 'dispatcherServlet'
[] - [] - [] Completed initialization in 0 ms
[] - [] - [] Device detached: HidServicesEvent{hidDevice=HidDevice [path=\\?\hid#vid_15b0&pid_a500&mi_00#7&183ad21c&0&0000#{4d1e55b2-f16f-11cf-88cb-001111000030}, vendorId=0x15b0, productId=0xffffa500, serialNumber=00000000050C, releaseNumber=0x100, manufacturer=MoreFun, product=MoreFun, usagePage=0x1, usage=0x0, interfaceNumber=0]}
[] - [] - [] Starting MfMp63WebApplication using Java 11.0.29 on MI-20151052625 with PID 10912 (D:\addlnUtils\mf-pos-impl\morefun-pos-implementation\build\classes\java\main started by Raghavendra in D:\addlnUtils\mf-pos-impl\morefun-pos-implementation)
[] - [] - [] No active profile set, falling back to 1 default profile: "default"
[] - [] - [] Tomcat initialized with port(s): 8897 (http)
[] - [] - [] Initializing ProtocolHandler ["http-nio-8897"]
[] - [] - [] Starting service [Tomcat]
[] - [] - [] Starting Servlet engine: [Apache Tomcat/9.0.71]
[] - [] - [] Initializing Spring embedded WebApplicationContext
[] - [] - [] Root WebApplicationContext: initialization completed in 2884 ms
[] - [] - [] Exposing 14 endpoint(s) beneath base path '/actuator'
[] - [] - [] Starting ProtocolHandler ["http-nio-8897"]
[] - [] - [] Tomcat started on port(s): 8897 (http) with context path '/mp63'
[] - [] - [] Started MfMp63WebApplication in 5.954 seconds (JVM running for 6.563)
[] - [] - [] Initializing Spring DispatcherServlet 'dispatcherServlet'
[] - [] - [] Initializing Servlet 'dispatcherServlet'
[] - [] - [] Completed initialization in 1 ms
[] - [] - [] Initiating Card Transaction
[] - [] - [] keyIndexResp : Set key index success
[] - [] - [] loadDtmkResp : true
[] - [] - [] loadTmkResp : true
[] - [] - [] loadWorkekyResp : true
[] - [] - [] load emv resp : true
[] - [] - [] load aid resp : Start download AID(1/12)
Start download AID(2/12)
Start download AID(3/12)
Start download AID(4/12)
Start download AID(5/12)
Start download AID(6/12)
Start download AID(7/12)
Start download AID(8/12)
Start download AID(9/12)
Start download AID(10/12)
Start download AID(11/12)
Start download AID(12/12)

[] - [] - [] load capk resp : Downlaod Capk(1/27)
Downlaod Capk(2/27)
Downlaod Capk(3/27)
Downlaod Capk(4/27)
Downlaod Capk(5/27)
Downlaod Capk(6/27)
Downlaod Capk(7/27)
Downlaod Capk(8/27)
Downlaod Capk(9/27)
Downlaod Capk(10/27)
Downlaod Capk(11/27)
Downlaod Capk(12/27)
Downlaod Capk(13/27)
Downlaod Capk(14/27)
Downlaod Capk(15/27)
Downlaod Capk(16/27)
Downlaod Capk(17/27)
Downlaod Capk(18/27)
Downlaod Capk(19/27)
Downlaod Capk(20/27)
Downlaod Capk(21/27)
Downlaod Capk(22/27)
Downlaod Capk(23/27)
Downlaod Capk(24/27)
Downlaod Capk(25/27)
Downlaod Capk(26/27)
Downlaod Capk(27/27)

[] - [] - [] card result : Communication results:NOERROR
Card type:6
Explanation by card type:Error
Whether FallBack:No
Main account:null
Card validity:null
Service code:null
Track 2 length:0
Track 2 message:null
Track 3 length:0
Track 3 message:null
Random data: ofÊñ•Š?
Card serial No.:null
IC card data:null
PIN length:0
PIN Ciphertext:null

[] - [] - [] Initiating Card Transaction
[] - [] - [] keyIndexResp : Set key index success
[] - [] - [] loadDtmkResp : true
[] - [] - [] loadTmkResp : true
[] - [] - [] loadWorkekyResp : true
[] - [] - [] load emv resp : true
[] - [] - [] load aid resp : Start download AID(1/12)
Start download AID(2/12)
Start download AID(3/12)
Start download AID(4/12)
Start download AID(5/12)
Start download AID(6/12)
Start download AID(7/12)
Start download AID(8/12)
Start download AID(9/12)
Start download AID(10/12)
Start download AID(11/12)
Start download AID(12/12)

[] - [] - [] load capk resp : Downlaod Capk(1/27)
Downlaod Capk(2/27)
Downlaod Capk(3/27)
Downlaod Capk(4/27)
Downlaod Capk(5/27)
Downlaod Capk(6/27)
Downlaod Capk(7/27)
Downlaod Capk(8/27)
Downlaod Capk(9/27)
Downlaod Capk(10/27)
Downlaod Capk(11/27)
Downlaod Capk(12/27)
Downlaod Capk(13/27)
Downlaod Capk(14/27)
Downlaod Capk(15/27)
Downlaod Capk(16/27)
Downlaod Capk(17/27)
Downlaod Capk(18/27)
Downlaod Capk(19/27)
Downlaod Capk(20/27)
Downlaod Capk(21/27)
Downlaod Capk(22/27)
Downlaod Capk(23/27)
Downlaod Capk(24/27)
Downlaod Capk(25/27)
Downlaod Capk(26/27)
Downlaod Capk(27/27)

[] - [] - [] card result : Communication results:NOERROR
Card type:6
Explanation by card type:Error
Whether FallBack:No
Main account:null
Card validity:null
Service code:null
Track 2 length:0
Track 2 message:null
Track 3 length:0
Track 3 message:null
Random data:1QÄ«ŒÕ¼Þ
Card serial No.:null
IC card data:null
PIN length:0
PIN Ciphertext:null

[] - [] - [] Initiating Card Transaction
[] - [] - [] keyIndexResp : Set key index success
[] - [] - [] loadDtmkResp : true
[] - [] - [] loadTmkResp : true
[] - [] - [] loadWorkekyResp : true
[] - [] - [] load emv resp : true
[] - [] - [] load aid resp : Start download AID(1/12)
Start download AID(2/12)
Start download AID(3/12)
Start download AID(4/12)
Start download AID(5/12)
Start download AID(6/12)
Start download AID(7/12)
Start download AID(8/12)
Start download AID(9/12)
Start download AID(10/12)
Start download AID(11/12)
Start download AID(12/12)

[] - [] - [] load capk resp : Downlaod Capk(1/27)
Downlaod Capk(2/27)
Downlaod Capk(3/27)
Downlaod Capk(4/27)
Downlaod Capk(5/27)
Downlaod Capk(6/27)
Downlaod Capk(7/27)
Downlaod Capk(8/27)
Downlaod Capk(9/27)
Downlaod Capk(10/27)
Downlaod Capk(11/27)
Downlaod Capk(12/27)
Downlaod Capk(13/27)
Downlaod Capk(14/27)
Downlaod Capk(15/27)
Downlaod Capk(16/27)
Downlaod Capk(17/27)
Downlaod Capk(18/27)
Downlaod Capk(19/27)
Downlaod Capk(20/27)
Downlaod Capk(21/27)
Downlaod Capk(22/27)
Downlaod Capk(23/27)
Downlaod Capk(24/27)
Downlaod Capk(25/27)
Downlaod Capk(26/27)
Downlaod Capk(27/27)

[] - [] - [] card result : Communication results:NOERROR
Card type:8
Explanation by card type:Card Type:8
Whether FallBack:No
Main account:null
Card validity:null
Service code:null
Track 2 length:0
Track 2 message:null
Track 3 length:0
Track 3 message:null
Random data:ˆ?dÄ?
Card serial No.:null
IC card data:null
PIN length:0
PIN Ciphertext:null

[] - [] - [] Device detached: HidServicesEvent{hidDevice=HidDevice [path=\\?\hid#vid_15b0&pid_a500&mi_00#7&183ad21c&0&0000#{4d1e55b2-f16f-11cf-88cb-001111000030}, vendorId=0x15b0, productId=0xffffa500, serialNumber=00000000050C, releaseNumber=0x100, manufacturer=MoreFun, product=MoreFun, usagePage=0x1, usage=0x0, interfaceNumber=0]}
[] - [] - [] Starting MfMp63WebApplication using Java 11.0.29 on MI-20151052625 with PID 6736 (D:\addlnUtils\mf-pos-impl\morefun-pos-implementation\build\classes\java\main started by Raghavendra in D:\addlnUtils\mf-pos-impl\morefun-pos-implementation)
[] - [] - [] No active profile set, falling back to 1 default profile: "default"
[] - [] - [] Tomcat initialized with port(s): 8897 (http)
[] - [] - [] Initializing ProtocolHandler ["http-nio-8897"]
[] - [] - [] Starting service [Tomcat]
[] - [] - [] Starting Servlet engine: [Apache Tomcat/9.0.71]
[] - [] - [] Initializing Spring embedded WebApplicationContext
[] - [] - [] Root WebApplicationContext: initialization completed in 2510 ms
[] - [] - [] Exposing 14 endpoint(s) beneath base path '/actuator'
[] - [] - [] Starting ProtocolHandler ["http-nio-8897"]
[] - [] - [] Tomcat started on port(s): 8897 (http) with context path '/mp63'
[] - [] - [] Started MfMp63WebApplication in 4.856 seconds (JVM running for 5.862)
[] - [] - [] Initializing Spring DispatcherServlet 'dispatcherServlet'
[] - [] - [] Initializing Servlet 'dispatcherServlet'
[] - [] - [] Completed initialization in 0 ms
[] - [] - [] Initiating Card Transaction
[] - [] - [] keyIndexResp : Set key index success
[] - [] - [] loadDtmkResp : true
[] - [] - [] loadTmkResp : true
[] - [] - [] loadWorkekyResp : true
[] - [] - [] load emv resp : true
[] - [] - [] load aid resp : Start download AID(1/12)
Start download AID(2/12)
Start download AID(3/12)
Start download AID(4/12)
Start download AID(5/12)
Start download AID(6/12)
Start download AID(7/12)
Start download AID(8/12)
Start download AID(9/12)
Start download AID(10/12)
Start download AID(11/12)
Start download AID(12/12)

[] - [] - [] load capk resp : Downlaod Capk(1/27)
Downlaod Capk(2/27)
Downlaod Capk(3/27)
Downlaod Capk(4/27)
Downlaod Capk(5/27)
Downlaod Capk(6/27)
Downlaod Capk(7/27)
Downlaod Capk(8/27)
Downlaod Capk(9/27)
Downlaod Capk(10/27)
Downlaod Capk(11/27)
Downlaod Capk(12/27)
Downlaod Capk(13/27)
Downlaod Capk(14/27)
Downlaod Capk(15/27)
Downlaod Capk(16/27)
Downlaod Capk(17/27)
Downlaod Capk(18/27)
Downlaod Capk(19/27)
Downlaod Capk(20/27)
Downlaod Capk(21/27)
Downlaod Capk(22/27)
Downlaod Capk(23/27)
Downlaod Capk(24/27)
Downlaod Capk(25/27)
Downlaod Capk(26/27)
Downlaod Capk(27/27)

[] - [] - [] card result : Communication results:NOERROR
Card type:2
Explanation by card type:Insert card
Whether FallBack:No
Main account:5129670200667314
Card validity:2812
Service code:126
Track 2 length:31
Track 2 message:5129670200667314D28121260015150F
Track 3 length:0
Track 3 message:null
Random data:0Š.c%ôî
Card serial No.:00
IC card data:9F02060000000055009F2608D68624181B351C2C9F2701809F10120110A04001220400000000000000000000FF9F3704351C6A6C9F3602011D950500000480009A032602039C01005F2A020356820239009F1A0203569F03060000000000009F330360D0C89F34034203009F3501229F1E086D665F36306220208407A00000000410109F090200029F4104000000019F12104465626974204D61737465726361726450104465626974204D61737465726361726457105129670200667314D28121260015150F
PIN length:4
PIN Ciphertext:E220DE24185FCB94

[] - [] - [] Initiating Card Transaction
[] - [] - [] keyIndexResp : Set key index success
[] - [] - [] loadDtmkResp : true
[] - [] - [] loadTmkResp : true
[] - [] - [] loadWorkekyResp : true
[] - [] - [] load emv resp : true
[] - [] - [] load aid resp : Start download AID(1/12)
Start download AID(2/12)
Start download AID(3/12)
Start download AID(4/12)
Start download AID(5/12)
Start download AID(6/12)
Start download AID(7/12)
Start download AID(8/12)
Start download AID(9/12)
Start download AID(10/12)
Start download AID(11/12)
Start download AID(12/12)

[] - [] - [] Starting MfMp63WebApplication using Java 11.0.29 on MI-20151052625 with PID 16740 (D:\addlnUtils\mf-pos-impl\morefun-pos-implementation\build\classes\java\main started by Raghavendra in D:\addlnUtils\mf-pos-impl\morefun-pos-implementation)
[] - [] - [] No active profile set, falling back to 1 default profile: "default"
[] - [] - [] Tomcat initialized with port(s): 8897 (http)
[] - [] - [] Initializing ProtocolHandler ["http-nio-8897"]
[] - [] - [] Starting service [Tomcat]
[] - [] - [] Starting Servlet engine: [Apache Tomcat/9.0.71]
[] - [] - [] Initializing Spring embedded WebApplicationContext
[] - [] - [] Root WebApplicationContext: initialization completed in 1566 ms
[] - [] - [] Exposing 14 endpoint(s) beneath base path '/actuator'
[] - [] - [] Starting ProtocolHandler ["http-nio-8897"]
[] - [] - [] Tomcat started on port(s): 8897 (http) with context path '/mp63'
[] - [] - [] Started MfMp63WebApplication in 3.168 seconds (JVM running for 3.514)
[] - [] - [] Initializing Spring DispatcherServlet 'dispatcherServlet'
[] - [] - [] Initializing Servlet 'dispatcherServlet'
[] - [] - [] Completed initialization in 2 ms
[] - [] - [] Initiating Card Transaction
[] - [] - [] keyIndexResp : Set key index success
[] - [] - [] loadDtmkResp : false
[] - [] - [] loadTmkResp : false
[] - [] - [] loadWorkekyResp : false
[] - [] - [] load emv resp : false
[] - [] - [] load aid resp : Download aid fail
[] - [] - [] load capk resp : Download CAPK ERROR
[] - [] - [] Starting MfMp63WebApplication using Java 11.0.29 on MI-20151052625 with PID 25172 (D:\addlnUtils\mf-pos-impl\morefun-pos-implementation\build\classes\java\main started by Raghavendra in D:\addlnUtils\mf-pos-impl\morefun-pos-implementation)
[] - [] - [] No active profile set, falling back to 1 default profile: "default"
[] - [] - [] Tomcat initialized with port(s): 8897 (http)
[] - [] - [] Initializing ProtocolHandler ["http-nio-8897"]
[] - [] - [] Starting service [Tomcat]
[] - [] - [] Starting Servlet engine: [Apache Tomcat/9.0.71]
[] - [] - [] Initializing Spring embedded WebApplicationContext
[] - [] - [] Root WebApplicationContext: initialization completed in 2331 ms
[] - [] - [] Exposing 14 endpoint(s) beneath base path '/actuator'
[] - [] - [] Starting ProtocolHandler ["http-nio-8897"]
[] - [] - [] Tomcat started on port(s): 8897 (http) with context path '/mp63'
[] - [] - [] Started MfMp63WebApplication in 4.628 seconds (JVM running for 4.942)
[] - [] - [] Initializing Spring DispatcherServlet 'dispatcherServlet'
[] - [] - [] Initializing Servlet 'dispatcherServlet'
[] - [] - [] Completed initialization in 1 ms
[] - [] - [] Initiating Card Transaction
[] - [] - [] keyIndexResp : Set key index success
[] - [] - [] loadDtmkResp : true
[] - [] - [] loadTmkResp : true
[] - [] - [] loadWorkekyResp : true
[] - [] - [] load emv resp : true
[] - [] - [] load aid resp : Start download AID(1/12)
Start download AID(2/12)
Start download AID(3/12)
Start download AID(4/12)
Start download AID(5/12)
Start download AID(6/12)
Start download AID(7/12)
Start download AID(8/12)
Start download AID(9/12)
Start download AID(10/12)
Start download AID(11/12)
Start download AID(12/12)

[] - [] - [] load capk resp : Downlaod Capk(1/27)
Downlaod Capk(2/27)
Downlaod Capk(3/27)
Downlaod Capk(4/27)
Downlaod Capk(5/27)
Downlaod Capk(6/27)
Downlaod Capk(7/27)
Downlaod Capk(8/27)
Downlaod Capk(9/27)
Downlaod Capk(10/27)
Downlaod Capk(11/27)
Downlaod Capk(12/27)
Downlaod Capk(13/27)
Downlaod Capk(14/27)
Downlaod Capk(15/27)
Downlaod Capk(16/27)
Downlaod Capk(17/27)
Downlaod Capk(18/27)
Downlaod Capk(19/27)
Downlaod Capk(20/27)
Downlaod Capk(21/27)
Downlaod Capk(22/27)
Downlaod Capk(23/27)
Downlaod Capk(24/27)
Downlaod Capk(25/27)
Downlaod Capk(26/27)
Downlaod Capk(27/27)

[] - [] - [] card result : Communication results:NOERROR
Card type:2
Explanation by card type:Insert card
Whether FallBack:No
Main account:5129670200667314
Card validity:2812
Service code:126
Track 2 length:31
Track 2 message:5129670200667314D28121260015150F
Track 3 length:0
Track 3 message:null
Random data:þí0­?Òæ
Card serial No.:00
IC card data:9F02060000000055009F26086ACB53AF1AC234E89F2701809F10120110A04001220400000000000000000000FF9F37045165D3F09F3602011E950500000480009A032602039C01005F2A020356820239009F1A0203569F03060000000000009F330360D0C89F34034203009F3501229F1E086D665F36306220208407A00000000410109F090200029F4104000000029F12104465626974204D61737465726361726450104465626974204D61737465726361726457105129670200667314D28121260015150F
PIN length:4
PIN Ciphertext:E220DE24185FCB94

[] - [] - [] Initiating Card Transaction
[] - [] - [] keyIndexResp : Set key index success
[] - [] - [] loadDtmkResp : true
[] - [] - [] loadTmkResp : true
[] - [] - [] loadWorkekyResp : true
[] - [] - [] load emv resp : true
[] - [] - [] load aid resp : Start download AID(1/12)
Start download AID(2/12)
Start download AID(3/12)
Start download AID(4/12)
Start download AID(5/12)
Start download AID(6/12)
Start download AID(7/12)
Start download AID(8/12)
Start download AID(9/12)
Start download AID(10/12)
Start download AID(11/12)
Start download AID(12/12)

[] - [] - [] load capk resp : Downlaod Capk(1/27)
Downlaod Capk(2/27)
Downlaod Capk(3/27)
Downlaod Capk(4/27)
Downlaod Capk(5/27)
Downlaod Capk(6/27)
Downlaod Capk(7/27)
Downlaod Capk(8/27)
Downlaod Capk(9/27)
Downlaod Capk(10/27)
Downlaod Capk(11/27)
Downlaod Capk(12/27)
Downlaod Capk(13/27)
Downlaod Capk(14/27)
Downlaod Capk(15/27)
Downlaod Capk(16/27)
Downlaod Capk(17/27)
Downlaod Capk(18/27)
Downlaod Capk(19/27)
Downlaod Capk(20/27)
Downlaod Capk(21/27)
Downlaod Capk(22/27)
Downlaod Capk(23/27)
Downlaod Capk(24/27)
Downlaod Capk(25/27)
Downlaod Capk(26/27)
Downlaod Capk(27/27)

[] - [] - [] card result : Communication results:NOERROR
Card type:2
Explanation by card type:Insert card
Whether FallBack:No
Main account:5129670200667314
Card validity:2812
Service code:126
Track 2 length:31
Track 2 message:5129670200667314D28121260015150F
Track 3 length:0
Track 3 message:null
Random data:y`×¥œL;
Card serial No.:00
IC card data:9F02060000000055009F26084460C231E3513B0E9F2701809F10120110A04001220400000000000000000000FF9F37045238B23E9F3602011F950500000480009A032602039C01005F2A020356820239009F1A0203569F03060000000000009F330360D0C89F34034203009F3501229F1E086D665F36306220208407A00000000410109F090200029F4104000000039F12104465626974204D61737465726361726450104465626974204D61737465726361726457105129670200667314D28121260015150F
PIN length:4
PIN Ciphertext:7F94EFD2BE4A9CE6

[] - [] - [] Initiating Card Transaction
[] - [] - [] keyIndexResp : Set key index success
[] - [] - [] loadDtmkResp : true
[] - [] - [] loadTmkResp : true
[] - [] - [] loadWorkekyResp : true
[] - [] - [] load emv resp : true
[] - [] - [] load aid resp : Start download AID(1/12)
Start download AID(2/12)
Start download AID(3/12)
Start download AID(4/12)
Start download AID(5/12)
Start download AID(6/12)
Start download AID(7/12)
Start download AID(8/12)
Start download AID(9/12)
Start download AID(10/12)
Start download AID(11/12)
Start download AID(12/12)

[] - [] - [] load capk resp : Downlaod Capk(1/27)
Downlaod Capk(2/27)
Downlaod Capk(3/27)
Downlaod Capk(4/27)
Downlaod Capk(5/27)
Downlaod Capk(6/27)
Downlaod Capk(7/27)
Downlaod Capk(8/27)
Downlaod Capk(9/27)
Downlaod Capk(10/27)
Downlaod Capk(11/27)
Downlaod Capk(12/27)
Downlaod Capk(13/27)
Downlaod Capk(14/27)
Downlaod Capk(15/27)
Downlaod Capk(16/27)
Downlaod Capk(17/27)
Downlaod Capk(18/27)
Downlaod Capk(19/27)
Downlaod Capk(20/27)
Downlaod Capk(21/27)
Downlaod Capk(22/27)
Downlaod Capk(23/27)
Downlaod Capk(24/27)
Downlaod Capk(25/27)
Downlaod Capk(26/27)
Downlaod Capk(27/27)

[] - [] - [] card result : Communication results:NOERROR
Card type:2
Explanation by card type:Insert card
Whether FallBack:No
Main account:5129670200667314
Card validity:2812
Service code:126
Track 2 length:31
Track 2 message:5129670200667314D28121260015150F
Track 3 length:0
Track 3 message:null
Random data:Æ‹^?RÕ
Card serial No.:00
IC card data:9F02060000000055009F26088E1541EEC192EAC59F2701809F10120110A04001220400000000000000000000FF9F3704F26BEBF89F36020120950500000480009A032602039C01005F2A020356820239009F1A0203569F03060000000000009F330360D0C89F34034203009F3501229F1E086D665F36306220208407A00000000410109F090200029F4104000000049F12104465626974204D61737465726361726450104465626974204D61737465726361726457105129670200667314D28121260015150F
PIN length:4
PIN Ciphertext:7F94EFD2BE4A9CE6

[] - [] - [] Starting MfMp63WebApplication using Java 11.0.29 on MI-20151052625 with PID 11568 (D:\addlnUtils\mf-pos-impl\morefun-pos-implementation\build\classes\java\main started by Raghavendra in D:\addlnUtils\mf-pos-impl\morefun-pos-implementation)
[] - [] - [] No active profile set, falling back to 1 default profile: "default"
[] - [] - [] Tomcat initialized with port(s): 8897 (http)
[] - [] - [] Initializing ProtocolHandler ["http-nio-8897"]
[] - [] - [] Starting service [Tomcat]
[] - [] - [] Starting Servlet engine: [Apache Tomcat/9.0.71]
[] - [] - [] Initializing Spring embedded WebApplicationContext
[] - [] - [] Root WebApplicationContext: initialization completed in 2068 ms
[] - [] - [] Exposing 14 endpoint(s) beneath base path '/actuator'
[] - [] - [] Starting ProtocolHandler ["http-nio-8897"]
[] - [] - [] Tomcat started on port(s): 8897 (http) with context path '/mp63'
[] - [] - [] Started MfMp63WebApplication in 4.385 seconds (JVM running for 4.724)
[] - [] - [] Initializing Spring DispatcherServlet 'dispatcherServlet'
[] - [] - [] Initializing Servlet 'dispatcherServlet'
[] - [] - [] Completed initialization in 0 ms
[] - [] - [] Initiating Card Transaction
[] - [] - [] keyIndexResp : Set key index success
[] - [] - [] loadDtmkResp : true
[] - [] - [] loadTmkResp : true
[] - [] - [] loadWorkekyResp : true
[] - [] - [] load emv resp : true
[] - [] - [] load aid resp : Start download AID(1/12)
Start download AID(2/12)
Start download AID(3/12)
Start download AID(4/12)
Start download AID(5/12)
Start download AID(6/12)
Start download AID(7/12)
Start download AID(8/12)
Start download AID(9/12)
Start download AID(10/12)
Start download AID(11/12)
Start download AID(12/12)

[] - [] - [] load capk resp : Downlaod Capk(1/27)
Downlaod Capk(2/27)
Downlaod Capk(3/27)
Downlaod Capk(4/27)
Downlaod Capk(5/27)
Downlaod Capk(6/27)
Downlaod Capk(7/27)
Downlaod Capk(8/27)
Downlaod Capk(9/27)
Downlaod Capk(10/27)
Downlaod Capk(11/27)
Downlaod Capk(12/27)
Downlaod Capk(13/27)
Downlaod Capk(14/27)
Downlaod Capk(15/27)
Downlaod Capk(16/27)
Downlaod Capk(17/27)
Downlaod Capk(18/27)
Downlaod Capk(19/27)
Downlaod Capk(20/27)
Downlaod Capk(21/27)
Downlaod Capk(22/27)
Downlaod Capk(23/27)
Downlaod Capk(24/27)
Downlaod Capk(25/27)
Downlaod Capk(26/27)
Downlaod Capk(27/27)

[] - [] - [] erron on startTxn : 
java.lang.NullPointerException: null
	at com.mf.mp63.DeviceHelper.readCard(DeviceHelper.java:363)
	at com.mf.mp63.service.CardServiceImpl.startTransaction(CardServiceImpl.java:231)
	at com.mf.mp63.controler.CardController.startTransaction(CardController.java:66)
	at java.base/jdk.internal.reflect.NativeMethodAccessorImpl.invoke0(Native Method)
	at java.base/jdk.internal.reflect.NativeMethodAccessorImpl.invoke(NativeMethodAccessorImpl.java:62)
	at java.base/jdk.internal.reflect.DelegatingMethodAccessorImpl.invoke(DelegatingMethodAccessorImpl.java:43)
	at java.base/java.lang.reflect.Method.invoke(Method.java:566)
	at org.springframework.web.method.support.InvocableHandlerMethod.doInvoke(InvocableHandlerMethod.java:205)
	at org.springframework.web.method.support.InvocableHandlerMethod.invokeForRequest(InvocableHandlerMethod.java:150)
	at org.springframework.web.servlet.mvc.method.annotation.ServletInvocableHandlerMethod.invokeAndHandle(ServletInvocableHandlerMethod.java:117)
	at org.springframework.web.servlet.mvc.method.annotation.RequestMappingHandlerAdapter.invokeHandlerMethod(RequestMappingHandlerAdapter.java:895)
	at org.springframework.web.servlet.mvc.method.annotation.RequestMappingHandlerAdapter.handleInternal(RequestMappingHandlerAdapter.java:808)
	at org.springframework.web.servlet.mvc.method.AbstractHandlerMethodAdapter.handle(AbstractHandlerMethodAdapter.java:87)
	at org.springframework.web.servlet.DispatcherServlet.doDispatch(DispatcherServlet.java:1071)
	at org.springframework.web.servlet.DispatcherServlet.doService(DispatcherServlet.java:964)
	at org.springframework.web.servlet.FrameworkServlet.processRequest(FrameworkServlet.java:1006)
	at org.springframework.web.servlet.FrameworkServlet.doPost(FrameworkServlet.java:909)
	at javax.servlet.http.HttpServlet.service(HttpServlet.java:696)
	at org.springframework.web.servlet.FrameworkServlet.service(FrameworkServlet.java:883)
	at javax.servlet.http.HttpServlet.service(HttpServlet.java:779)
	at org.apache.catalina.core.ApplicationFilterChain.internalDoFilter(ApplicationFilterChain.java:227)
	at org.apache.catalina.core.ApplicationFilterChain.doFilter(ApplicationFilterChain.java:162)
	at org.apache.tomcat.websocket.server.WsFilter.doFilter(WsFilter.java:53)
	at org.apache.catalina.core.ApplicationFilterChain.internalDoFilter(ApplicationFilterChain.java:189)
	at org.apache.catalina.core.ApplicationFilterChain.doFilter(ApplicationFilterChain.java:162)
	at org.springframework.web.filter.RequestContextFilter.doFilterInternal(RequestContextFilter.java:100)
	at org.springframework.web.filter.OncePerRequestFilter.doFilter(OncePerRequestFilter.java:117)
	at org.apache.catalina.core.ApplicationFilterChain.internalDoFilter(ApplicationFilterChain.java:189)
	at org.apache.catalina.core.ApplicationFilterChain.doFilter(ApplicationFilterChain.java:162)
	at org.springframework.web.filter.FormContentFilter.doFilterInternal(FormContentFilter.java:93)
	at org.springframework.web.filter.OncePerRequestFilter.doFilter(OncePerRequestFilter.java:117)
	at org.apache.catalina.core.ApplicationFilterChain.internalDoFilter(ApplicationFilterChain.java:189)
	at org.apache.catalina.core.ApplicationFilterChain.doFilter(ApplicationFilterChain.java:162)
	at org.springframework.boot.actuate.metrics.web.servlet.WebMvcMetricsFilter.doFilterInternal(WebMvcMetricsFilter.java:96)
	at org.springframework.web.filter.OncePerRequestFilter.doFilter(OncePerRequestFilter.java:117)
	at org.apache.catalina.core.ApplicationFilterChain.internalDoFilter(ApplicationFilterChain.java:189)
	at org.apache.catalina.core.ApplicationFilterChain.doFilter(ApplicationFilterChain.java:162)
	at org.springframework.web.filter.CharacterEncodingFilter.doFilterInternal(CharacterEncodingFilter.java:201)
	at org.springframework.web.filter.OncePerRequestFilter.doFilter(OncePerRequestFilter.java:117)
	at org.apache.catalina.core.ApplicationFilterChain.internalDoFilter(ApplicationFilterChain.java:189)
	at org.apache.catalina.core.ApplicationFilterChain.doFilter(ApplicationFilterChain.java:162)
	at org.apache.catalina.core.StandardWrapperValve.invoke(StandardWrapperValve.java:177)
	at org.apache.catalina.core.StandardContextValve.invoke(StandardContextValve.java:97)
	at org.apache.catalina.authenticator.AuthenticatorBase.invoke(AuthenticatorBase.java:541)
	at org.apache.catalina.core.StandardHostValve.invoke(StandardHostValve.java:135)
	at org.apache.catalina.valves.ErrorReportValve.invoke(ErrorReportValve.java:92)
	at org.apache.catalina.core.StandardEngineValve.invoke(StandardEngineValve.java:78)
	at org.apache.catalina.connector.CoyoteAdapter.service(CoyoteAdapter.java:360)
	at org.apache.coyote.http11.Http11Processor.service(Http11Processor.java:399)
	at org.apache.coyote.AbstractProcessorLight.process(AbstractProcessorLight.java:65)
	at org.apache.coyote.AbstractProtocol$ConnectionHandler.process(AbstractProtocol.java:891)
	at org.apache.tomcat.util.net.NioEndpoint$SocketProcessor.doRun(NioEndpoint.java:1784)
	at org.apache.tomcat.util.net.SocketProcessorBase.run(SocketProcessorBase.java:49)
	at org.apache.tomcat.util.threads.ThreadPoolExecutor.runWorker(ThreadPoolExecutor.java:1191)
	at org.apache.tomcat.util.threads.ThreadPoolExecutor$Worker.run(ThreadPoolExecutor.java:659)
	at org.apache.tomcat.util.threads.TaskThread$WrappingRunnable.run(TaskThread.java:61)
	at java.base/java.lang.Thread.run(Thread.java:829)
[] - [] - [] Device detached: HidServicesEvent{hidDevice=HidDevice [path=\\?\hid#vid_15b0&pid_a500&mi_00#7&183ad21c&0&0000#{4d1e55b2-f16f-11cf-88cb-001111000030}, vendorId=0x15b0, productId=0xffffa500, serialNumber=00000000050C, releaseNumber=0x100, manufacturer=MoreFun, product=MoreFun, usagePage=0x1, usage=0x0, interfaceNumber=0]}
[] - [] - [] Starting MfMp63WebApplication using Java 11.0.29 on MI-20151052625 with PID 12612 (D:\addlnUtils\mf-pos-impl\morefun-pos-implementation\build\classes\java\main started by Raghavendra in D:\addlnUtils\mf-pos-impl\morefun-pos-implementation)
[] - [] - [] No active profile set, falling back to 1 default profile: "default"
[] - [] - [] Tomcat initialized with port(s): 8897 (http)
[] - [] - [] Initializing ProtocolHandler ["http-nio-8897"]
[] - [] - [] Starting service [Tomcat]
[] - [] - [] Starting Servlet engine: [Apache Tomcat/9.0.71]
[] - [] - [] Initializing Spring embedded WebApplicationContext
[] - [] - [] Root WebApplicationContext: initialization completed in 3236 ms
[] - [] - [] Exposing 14 endpoint(s) beneath base path '/actuator'
[] - [] - [] Starting ProtocolHandler ["http-nio-8897"]
[] - [] - [] Tomcat started on port(s): 8897 (http) with context path '/mp63'
[] - [] - [] Started MfMp63WebApplication in 6.688 seconds (JVM running for 7.33)
[] - [] - [] Initializing Spring DispatcherServlet 'dispatcherServlet'
[] - [] - [] Initializing Servlet 'dispatcherServlet'
[] - [] - [] Completed initialization in 7 ms
[] - [] - [] Initiating Card Transaction
[] - [] - [] keyIndexResp : Set key index success
[] - [] - [] loadDtmkResp : true
[] - [] - [] loadTmkResp : true
[] - [] - [] loadWorkekyResp : true
[] - [] - [] load emv resp : true
[] - [] - [] load aid resp : Start download AID(1/12)
Start download AID(2/12)
Start download AID(3/12)
Start download AID(4/12)
Start download AID(5/12)
Start download AID(6/12)
Start download AID(7/12)
Start download AID(8/12)
Start download AID(9/12)
Start download AID(10/12)
Start download AID(11/12)
Start download AID(12/12)

[] - [] - [] load capk resp : Downlaod Capk(1/27)
Downlaod Capk(2/27)
Downlaod Capk(3/27)
Downlaod Capk(4/27)
Downlaod Capk(5/27)
Downlaod Capk(6/27)
Downlaod Capk(7/27)
Downlaod Capk(8/27)
Downlaod Capk(9/27)
Downlaod Capk(10/27)
Downlaod Capk(11/27)
Downlaod Capk(12/27)
Downlaod Capk(13/27)
Downlaod Capk(14/27)
Downlaod Capk(15/27)
Downlaod Capk(16/27)
Downlaod Capk(17/27)
Downlaod Capk(18/27)
Downlaod Capk(19/27)
Downlaod Capk(20/27)
Downlaod Capk(21/27)
Downlaod Capk(22/27)
Downlaod Capk(23/27)
Downlaod Capk(24/27)
Downlaod Capk(25/27)
Downlaod Capk(26/27)
Downlaod Capk(27/27)

[] - [] - [] erron on startTxn : 
java.lang.NullPointerException: null
	at com.mf.mp63.DeviceHelper.readCard(DeviceHelper.java:365)
	at com.mf.mp63.service.CardServiceImpl.startTransaction(CardServiceImpl.java:231)
	at com.mf.mp63.controler.CardController.startTransaction(CardController.java:66)
	at java.base/jdk.internal.reflect.NativeMethodAccessorImpl.invoke0(Native Method)
	at java.base/jdk.internal.reflect.NativeMethodAccessorImpl.invoke(NativeMethodAccessorImpl.java:62)
	at java.base/jdk.internal.reflect.DelegatingMethodAccessorImpl.invoke(DelegatingMethodAccessorImpl.java:43)
	at java.base/java.lang.reflect.Method.invoke(Method.java:566)
	at org.springframework.web.method.support.InvocableHandlerMethod.doInvoke(InvocableHandlerMethod.java:205)
	at org.springframework.web.method.support.InvocableHandlerMethod.invokeForRequest(InvocableHandlerMethod.java:150)
	at org.springframework.web.servlet.mvc.method.annotation.ServletInvocableHandlerMethod.invokeAndHandle(ServletInvocableHandlerMethod.java:117)
	at org.springframework.web.servlet.mvc.method.annotation.RequestMappingHandlerAdapter.invokeHandlerMethod(RequestMappingHandlerAdapter.java:895)
	at org.springframework.web.servlet.mvc.method.annotation.RequestMappingHandlerAdapter.handleInternal(RequestMappingHandlerAdapter.java:808)
	at org.springframework.web.servlet.mvc.method.AbstractHandlerMethodAdapter.handle(AbstractHandlerMethodAdapter.java:87)
	at org.springframework.web.servlet.DispatcherServlet.doDispatch(DispatcherServlet.java:1071)
	at org.springframework.web.servlet.DispatcherServlet.doService(DispatcherServlet.java:964)
	at org.springframework.web.servlet.FrameworkServlet.processRequest(FrameworkServlet.java:1006)
	at org.springframework.web.servlet.FrameworkServlet.doPost(FrameworkServlet.java:909)
	at javax.servlet.http.HttpServlet.service(HttpServlet.java:696)
	at org.springframework.web.servlet.FrameworkServlet.service(FrameworkServlet.java:883)
	at javax.servlet.http.HttpServlet.service(HttpServlet.java:779)
	at org.apache.catalina.core.ApplicationFilterChain.internalDoFilter(ApplicationFilterChain.java:227)
	at org.apache.catalina.core.ApplicationFilterChain.doFilter(ApplicationFilterChain.java:162)
	at org.apache.tomcat.websocket.server.WsFilter.doFilter(WsFilter.java:53)
	at org.apache.catalina.core.ApplicationFilterChain.internalDoFilter(ApplicationFilterChain.java:189)
	at org.apache.catalina.core.ApplicationFilterChain.doFilter(ApplicationFilterChain.java:162)
	at org.springframework.web.filter.RequestContextFilter.doFilterInternal(RequestContextFilter.java:100)
	at org.springframework.web.filter.OncePerRequestFilter.doFilter(OncePerRequestFilter.java:117)
	at org.apache.catalina.core.ApplicationFilterChain.internalDoFilter(ApplicationFilterChain.java:189)
	at org.apache.catalina.core.ApplicationFilterChain.doFilter(ApplicationFilterChain.java:162)
	at org.springframework.web.filter.FormContentFilter.doFilterInternal(FormContentFilter.java:93)
	at org.springframework.web.filter.OncePerRequestFilter.doFilter(OncePerRequestFilter.java:117)
	at org.apache.catalina.core.ApplicationFilterChain.internalDoFilter(ApplicationFilterChain.java:189)
	at org.apache.catalina.core.ApplicationFilterChain.doFilter(ApplicationFilterChain.java:162)
	at org.springframework.boot.actuate.metrics.web.servlet.WebMvcMetricsFilter.doFilterInternal(WebMvcMetricsFilter.java:96)
	at org.springframework.web.filter.OncePerRequestFilter.doFilter(OncePerRequestFilter.java:117)
	at org.apache.catalina.core.ApplicationFilterChain.internalDoFilter(ApplicationFilterChain.java:189)
	at org.apache.catalina.core.ApplicationFilterChain.doFilter(ApplicationFilterChain.java:162)
	at org.springframework.web.filter.CharacterEncodingFilter.doFilterInternal(CharacterEncodingFilter.java:201)
	at org.springframework.web.filter.OncePerRequestFilter.doFilter(OncePerRequestFilter.java:117)
	at org.apache.catalina.core.ApplicationFilterChain.internalDoFilter(ApplicationFilterChain.java:189)
	at org.apache.catalina.core.ApplicationFilterChain.doFilter(ApplicationFilterChain.java:162)
	at org.apache.catalina.core.StandardWrapperValve.invoke(StandardWrapperValve.java:177)
	at org.apache.catalina.core.StandardContextValve.invoke(StandardContextValve.java:97)
	at org.apache.catalina.authenticator.AuthenticatorBase.invoke(AuthenticatorBase.java:541)
	at org.apache.catalina.core.StandardHostValve.invoke(StandardHostValve.java:135)
	at org.apache.catalina.valves.ErrorReportValve.invoke(ErrorReportValve.java:92)
	at org.apache.catalina.core.StandardEngineValve.invoke(StandardEngineValve.java:78)
	at org.apache.catalina.connector.CoyoteAdapter.service(CoyoteAdapter.java:360)
	at org.apache.coyote.http11.Http11Processor.service(Http11Processor.java:399)
	at org.apache.coyote.AbstractProcessorLight.process(AbstractProcessorLight.java:65)
	at org.apache.coyote.AbstractProtocol$ConnectionHandler.process(AbstractProtocol.java:891)
	at org.apache.tomcat.util.net.NioEndpoint$SocketProcessor.doRun(NioEndpoint.java:1784)
	at org.apache.tomcat.util.net.SocketProcessorBase.run(SocketProcessorBase.java:49)
	at org.apache.tomcat.util.threads.ThreadPoolExecutor.runWorker(ThreadPoolExecutor.java:1191)
	at org.apache.tomcat.util.threads.ThreadPoolExecutor$Worker.run(ThreadPoolExecutor.java:659)
	at org.apache.tomcat.util.threads.TaskThread$WrappingRunnable.run(TaskThread.java:61)
	at java.base/java.lang.Thread.run(Thread.java:829)
[] - [] - [] Starting MfMp63WebApplication using Java 11.0.29 on MI-20151052625 with PID 17544 (D:\addlnUtils\mf-pos-impl\morefun-pos-implementation\build\classes\java\main started by Raghavendra in D:\addlnUtils\mf-pos-impl\morefun-pos-implementation)
[] - [] - [] No active profile set, falling back to 1 default profile: "default"
[] - [] - [] Tomcat initialized with port(s): 8897 (http)
[] - [] - [] Initializing ProtocolHandler ["http-nio-8897"]
[] - [] - [] Starting service [Tomcat]
[] - [] - [] Starting Servlet engine: [Apache Tomcat/9.0.71]
[] - [] - [] Initializing Spring embedded WebApplicationContext
[] - [] - [] Root WebApplicationContext: initialization completed in 1966 ms
[] - [] - [] Exposing 14 endpoint(s) beneath base path '/actuator'
[] - [] - [] Starting ProtocolHandler ["http-nio-8897"]
[] - [] - [] Tomcat started on port(s): 8897 (http) with context path '/mp63'
[] - [] - [] Started MfMp63WebApplication in 4.064 seconds (JVM running for 4.424)
[] - [] - [] Initializing Spring DispatcherServlet 'dispatcherServlet'
[] - [] - [] Initializing Servlet 'dispatcherServlet'
[] - [] - [] Completed initialization in 0 ms
[] - [] - [] Initiating Card Transaction
[] - [] - [] keyIndexResp : Set key index success
[] - [] - [] loadDtmkResp : true
[] - [] - [] loadTmkResp : true
[] - [] - [] loadWorkekyResp : true
[] - [] - [] load emv resp : true
[] - [] - [] load aid resp : Start download AID(1/12)
Start download AID(2/12)
Start download AID(3/12)
Start download AID(4/12)
Start download AID(5/12)
Start download AID(6/12)
Start download AID(7/12)
Start download AID(8/12)
Start download AID(9/12)
Start download AID(10/12)
Start download AID(11/12)
Start download AID(12/12)

[] - [] - [] load capk resp : Downlaod Capk(1/27)
Downlaod Capk(2/27)
Downlaod Capk(3/27)
Downlaod Capk(4/27)
Downlaod Capk(5/27)
Downlaod Capk(6/27)
Downlaod Capk(7/27)
Downlaod Capk(8/27)
Downlaod Capk(9/27)
Downlaod Capk(10/27)
Downlaod Capk(11/27)
Downlaod Capk(12/27)
Downlaod Capk(13/27)
Downlaod Capk(14/27)
Downlaod Capk(15/27)
Downlaod Capk(16/27)
Downlaod Capk(17/27)
Downlaod Capk(18/27)
Downlaod Capk(19/27)
Downlaod Capk(20/27)
Downlaod Capk(21/27)
Downlaod Capk(22/27)
Downlaod Capk(23/27)
Downlaod Capk(24/27)
Downlaod Capk(25/27)
Downlaod Capk(26/27)
Downlaod Capk(27/27)

[] - [] - [] card result : Communication results:NOERROR
Card type:2
Explanation by card type:Insert card
Whether FallBack:No
Main account:6080251300001806
Card validity:2812
Service code:226
Track 2 length:31
Track 2 message:6080251300001806D28122262570010F
Track 3 length:0
Track 3 message:null
Random data:ì¤-”'r¾
Card serial No.:01
IC card data:9F02060000000055009F26085494EBDA4AF37F319F2701809F10200FB501A0018004000000000000000000000000000000000000000000000000009F37042A4AAD479F3602010A950504800400009A032602039C01005F2A020356820219009F1A0203569F03060000000000009F330360D0C89F34034203009F3501229F1E086D665F36306220208407A00000052410109F090200649F4104000000019F120B5275506179204465626974500B527550617920446562697457106080251300001806D28122262570010F
PIN length:4
PIN Ciphertext:399B428DA868756C

[] - [] - [] Initiating Card Transaction
[] - [] - [] keyIndexResp : Set key index success
[] - [] - [] loadDtmkResp : true
[] - [] - [] loadTmkResp : true
[] - [] - [] loadWorkekyResp : true
[] - [] - [] load emv resp : true
[] - [] - [] load aid resp : Start download AID(1/12)
Start download AID(2/12)
Start download AID(3/12)
Start download AID(4/12)
Start download AID(5/12)
Start download AID(6/12)
Start download AID(7/12)
Start download AID(8/12)
Start download AID(9/12)
Start download AID(10/12)
Start download AID(11/12)
Start download AID(12/12)

[] - [] - [] load capk resp : Downlaod Capk(1/27)
Downlaod Capk(2/27)
Downlaod Capk(3/27)
Downlaod Capk(4/27)
Downlaod Capk(5/27)
Downlaod Capk(6/27)
Downlaod Capk(7/27)
Downlaod Capk(8/27)
Downlaod Capk(9/27)
Downlaod Capk(10/27)
Downlaod Capk(11/27)
Downlaod Capk(12/27)
Downlaod Capk(13/27)
Downlaod Capk(14/27)
Downlaod Capk(15/27)
Downlaod Capk(16/27)
Downlaod Capk(17/27)
Downlaod Capk(18/27)
Downlaod Capk(19/27)
Downlaod Capk(20/27)
Downlaod Capk(21/27)
Downlaod Capk(22/27)
Downlaod Capk(23/27)
Downlaod Capk(24/27)
Downlaod Capk(25/27)
Downlaod Capk(26/27)
Downlaod Capk(27/27)

[] - [] - [] card result : Communication results:NOERROR
Card type:2
Explanation by card type:Insert card
Whether FallBack:No
Main account:6080251300001806
Card validity:2812
Service code:226
Track 2 length:31
Track 2 message:6080251300001806D28122262570010F
Track 3 length:0
Track 3 message:null
Random data:S¦$ü ë9
Card serial No.:01
IC card data:9F02060000000055009F2608C68C129AE8FBD3669F2701809F10200FB501A0018004000000000000000000000000000000000000000000000000009F37045CA708659F3602010B950504800400009A032602039C01005F2A020356820219009F1A0203569F03060000000000009F330360D0C89F34034203009F3501229F1E086D665F36306220208407A00000052410109F090200649F4104000000029F120B5275506179204465626974500B527550617920446562697457106080251300001806D28122262570010F
PIN length:4
PIN Ciphertext:1B7D992501725946

[] - [] - [] Device detached: HidServicesEvent{hidDevice=HidDevice [path=\\?\hid#vid_15b0&pid_a500&mi_00#7&183ad21c&0&0000#{4d1e55b2-f16f-11cf-88cb-001111000030}, vendorId=0x15b0, productId=0xffffa500, serialNumber=00000000050C, releaseNumber=0x100, manufacturer=MoreFun, product=MoreFun, usagePage=0x1, usage=0x0, interfaceNumber=0]}
[] - [] - [] Starting MfMp63WebApplication using Java 11.0.29 on MI-20151052625 with PID 21784 (D:\addlnUtils\mf-pos-impl\morefun-pos-implementation\build\classes\java\main started by Raghavendra in D:\addlnUtils\mf-pos-impl\morefun-pos-implementation)
[] - [] - [] No active profile set, falling back to 1 default profile: "default"
[] - [] - [] Tomcat initialized with port(s): 8897 (http)
[] - [] - [] Initializing ProtocolHandler ["http-nio-8897"]
[] - [] - [] Starting service [Tomcat]
[] - [] - [] Starting Servlet engine: [Apache Tomcat/9.0.71]
[] - [] - [] Initializing Spring embedded WebApplicationContext
[] - [] - [] Root WebApplicationContext: initialization completed in 2694 ms
[] - [] - [] Exposing 14 endpoint(s) beneath base path '/actuator'
[] - [] - [] Starting ProtocolHandler ["http-nio-8897"]
[] - [] - [] Tomcat started on port(s): 8897 (http) with context path '/mp63'
[] - [] - [] Started MfMp63WebApplication in 5.34 seconds (JVM running for 5.924)
[] - [] - [] Initializing Spring DispatcherServlet 'dispatcherServlet'
[] - [] - [] Initializing Servlet 'dispatcherServlet'
[] - [] - [] Completed initialization in 1 ms
[] - [] - [] Initiating Card Transaction
[] - [] - [] keyIndexResp : Set key index success
[] - [] - [] loadDtmkResp : true
[] - [] - [] loadTmkResp : true
[] - [] - [] loadWorkekyResp : true
[] - [] - [] load emv resp : true
[] - [] - [] load aid resp : Start download AID(1/12)
Start download AID(2/12)
Start download AID(3/12)
Start download AID(4/12)
Start download AID(5/12)
Start download AID(6/12)
Start download AID(7/12)
Start download AID(8/12)
Start download AID(9/12)
Start download AID(10/12)
Start download AID(11/12)
Start download AID(12/12)

[] - [] - [] load capk resp : Downlaod Capk(1/27)
Downlaod Capk(2/27)
Downlaod Capk(3/27)
Downlaod Capk(4/27)
Downlaod Capk(5/27)
Downlaod Capk(6/27)
Downlaod Capk(7/27)
Downlaod Capk(8/27)
Downlaod Capk(9/27)
Downlaod Capk(10/27)
Downlaod Capk(11/27)
Downlaod Capk(12/27)
Downlaod Capk(13/27)
Downlaod Capk(14/27)
Downlaod Capk(15/27)
Downlaod Capk(16/27)
Downlaod Capk(17/27)
Downlaod Capk(18/27)
Downlaod Capk(19/27)
Downlaod Capk(20/27)
Downlaod Capk(21/27)
Downlaod Capk(22/27)
Downlaod Capk(23/27)
Downlaod Capk(24/27)
Downlaod Capk(25/27)
Downlaod Capk(26/27)
Downlaod Capk(27/27)

[] - [] - [] card result : Communication results:NOERROR
Card type:2
Explanation by card type:Insert card
Whether FallBack:No
Main account:5129670200667314
Card validity:2812
Service code:126
Track 2 length:31
Track 2 message:5129670200667314D28121260015150F
Track 3 length:0
Track 3 message:null
Random data:^»á—ö.é_
Card serial No.:00
IC card data:9F02060000000055009F26088B7512F35FC1F5389F2701809F10120110A04001220400000000000000000000FF9F3704DD7AB9E09F36020121950500000480009A032602039C01005F2A020356820239009F1A0203569F03060000000000009F330360D0C89F34034203009F3501229F1E086D665F36306220208407A00000000410109F090200029F4104000000019F12104465626974204D61737465726361726450104465626974204D61737465726361726457105129670200667314D28121260015150F
PIN length:4
PIN Ciphertext:7F94EFD2BE4A9CE6

[] - [] - [] Initiating Card Transaction
[] - [] - [] keyIndexResp : Set key index success
[] - [] - [] loadDtmkResp : true
[] - [] - [] loadTmkResp : true
[] - [] - [] loadWorkekyResp : true
[] - [] - [] load emv resp : true
[] - [] - [] load aid resp : Start download AID(1/12)
Start download AID(2/12)
Start download AID(3/12)
Start download AID(4/12)
Start download AID(5/12)
Start download AID(6/12)
Start download AID(7/12)
Start download AID(8/12)
Start download AID(9/12)
Start download AID(10/12)
Start download AID(11/12)
Start download AID(12/12)

[] - [] - [] load capk resp : Downlaod Capk(1/27)
Downlaod Capk(2/27)
Downlaod Capk(3/27)
Downlaod Capk(4/27)
Downlaod Capk(5/27)
Downlaod Capk(6/27)
Downlaod Capk(7/27)
Downlaod Capk(8/27)
Downlaod Capk(9/27)
Downlaod Capk(10/27)
Downlaod Capk(11/27)
Downlaod Capk(12/27)
Downlaod Capk(13/27)
Downlaod Capk(14/27)
Downlaod Capk(15/27)
Downlaod Capk(16/27)
Downlaod Capk(17/27)
Downlaod Capk(18/27)
Downlaod Capk(19/27)
Downlaod Capk(20/27)
Downlaod Capk(21/27)
Downlaod Capk(22/27)
Downlaod Capk(23/27)
Downlaod Capk(24/27)
Downlaod Capk(25/27)
Downlaod Capk(26/27)
Downlaod Capk(27/27)

[] - [] - [] card result : Communication results:NOERROR
Card type:6
Explanation by card type:Error
Whether FallBack:No
Main account:null
Card validity:null
Service code:null
Track 2 length:0
Track 2 message:null
Track 3 length:0
Track 3 message:null
Random data:?–”sŠPž
Card serial No.:null
IC card data:null
PIN length:0
PIN Ciphertext:null

[] - [] - [] Initiating Card Transaction
[] - [] - [] keyIndexResp : Set key index success
[] - [] - [] loadDtmkResp : true
[] - [] - [] loadTmkResp : true
[] - [] - [] loadWorkekyResp : true
[] - [] - [] load emv resp : true
[] - [] - [] load aid resp : Start download AID(1/12)
Start download AID(2/12)
Start download AID(3/12)
Start download AID(4/12)
Start download AID(5/12)
Start download AID(6/12)
Start download AID(7/12)
Start download AID(8/12)
Start download AID(9/12)
Start download AID(10/12)
Start download AID(11/12)
Start download AID(12/12)

[] - [] - [] load capk resp : Downlaod Capk(1/27)
Downlaod Capk(2/27)
Downlaod Capk(3/27)
Downlaod Capk(4/27)
Downlaod Capk(5/27)
Downlaod Capk(6/27)
Downlaod Capk(7/27)
Downlaod Capk(8/27)
Downlaod Capk(9/27)
Downlaod Capk(10/27)
Downlaod Capk(11/27)
Downlaod Capk(12/27)
Downlaod Capk(13/27)
Downlaod Capk(14/27)
Downlaod Capk(15/27)
Downlaod Capk(16/27)
Downlaod Capk(17/27)
Downlaod Capk(18/27)
Downlaod Capk(19/27)
Downlaod Capk(20/27)
Downlaod Capk(21/27)
Downlaod Capk(22/27)
Downlaod Capk(23/27)
Downlaod Capk(24/27)
Downlaod Capk(25/27)
Downlaod Capk(26/27)
Downlaod Capk(27/27)

[] - [] - [] card result : Communication results:NOERROR
Card type:2
Explanation by card type:Insert card
Whether FallBack:No
Main account:6080251300001806
Card validity:2812
Service code:226
Track 2 length:31
Track 2 message:6080251300001806D28122262570010F
Track 3 length:0
Track 3 message:null
Random data:V‘»û>²?
Card serial No.:01
IC card data:9F02060000000055009F2608E2903A7D02B30A6E9F2701809F10200FB501A0018004000000000000000000000000000000000000000000000000009F3704B3D9485A9F3602010C950504800400009A032602039C01005F2A020356820219009F1A0203569F03060000000000009F330360D0C89F34034203009F3501229F1E086D665F36306220208407A00000052410109F090200649F4104000000039F120B5275506179204465626974500B527550617920446562697457106080251300001806D28122262570010F
PIN length:4
PIN Ciphertext:1B7D992501725946

[] - [] - [] Device detached: HidServicesEvent{hidDevice=HidDevice [path=\\?\hid#vid_15b0&pid_a500&mi_00#7&183ad21c&0&0000#{4d1e55b2-f16f-11cf-88cb-001111000030}, vendorId=0x15b0, productId=0xffffa500, serialNumber=00000000050C, releaseNumber=0x100, manufacturer=MoreFun, product=MoreFun, usagePage=0x1, usage=0x0, interfaceNumber=0]}
[] - [] - [] Starting MfMp63WebApplication using Java 11.0.29 on MI-20151052625 with PID 19092 (D:\addlnUtils\mf-pos-impl\morefun-pos-implementation\build\classes\java\main started by Raghavendra in D:\addlnUtils\mf-pos-impl\morefun-pos-implementation)
[] - [] - [] No active profile set, falling back to 1 default profile: "default"
[] - [] - [] Tomcat initialized with port(s): 8897 (http)
[] - [] - [] Initializing ProtocolHandler ["http-nio-8897"]
[] - [] - [] Starting service [Tomcat]
[] - [] - [] Starting Servlet engine: [Apache Tomcat/9.0.71]
[] - [] - [] Initializing Spring embedded WebApplicationContext
[] - [] - [] Root WebApplicationContext: initialization completed in 2139 ms
[] - [] - [] Exposing 14 endpoint(s) beneath base path '/actuator'
[] - [] - [] Starting ProtocolHandler ["http-nio-8897"]
[] - [] - [] Tomcat started on port(s): 8897 (http) with context path '/mp63'
[] - [] - [] Started MfMp63WebApplication in 4.613 seconds (JVM running for 5.482)
[] - [] - [] Initializing Spring DispatcherServlet 'dispatcherServlet'
[] - [] - [] Initializing Servlet 'dispatcherServlet'
[] - [] - [] Completed initialization in 3 ms
[] - [] - [] Initiating Card Transaction
[] - [] - [] keyIndexResp : Set key index success
[] - [] - [] loadDtmkResp : true
[] - [] - [] loadTmkResp : true
[] - [] - [] loadWorkekyResp : true
[] - [] - [] load emv resp : true
[] - [] - [] load aid resp : Start download AID(1/12)
Start download AID(2/12)
Start download AID(3/12)
Start download AID(4/12)
Start download AID(5/12)
Start download AID(6/12)
Start download AID(7/12)
Start download AID(8/12)
Start download AID(9/12)
Start download AID(10/12)
Start download AID(11/12)
Start download AID(12/12)

[] - [] - [] load capk resp : Downlaod Capk(1/27)
Downlaod Capk(2/27)
Downlaod Capk(3/27)
Downlaod Capk(4/27)
Downlaod Capk(5/27)
Downlaod Capk(6/27)
Downlaod Capk(7/27)
Downlaod Capk(8/27)
Downlaod Capk(9/27)
Downlaod Capk(10/27)
Downlaod Capk(11/27)
Downlaod Capk(12/27)
Downlaod Capk(13/27)
Downlaod Capk(14/27)
Downlaod Capk(15/27)
Downlaod Capk(16/27)
Downlaod Capk(17/27)
Downlaod Capk(18/27)
Downlaod Capk(19/27)
Downlaod Capk(20/27)
Downlaod Capk(21/27)
Downlaod Capk(22/27)
Downlaod Capk(23/27)
Downlaod Capk(24/27)
Downlaod Capk(25/27)
Downlaod Capk(26/27)
Downlaod Capk(27/27)

[] - [] - [] card result : Communication results:NOERROR
Card type:2
Explanation by card type:Insert card
Whether FallBack:No
Main account:5129670200667314
Card validity:2812
Service code:126
Track 2 length:31
Track 2 message:5129670200667314D28121260015150F
Track 3 length:0
Track 3 message:null
Random data:Sg*?—Ú 
Card serial No.:00
IC card data:9F02060000000055009F26087392CACDF6480AB39F2701809F10120110A04001220400000000000000000000FF9F370464CA6B7E9F36020122950500000480009A032602049C01005F2A020356820239009F1A0203569F03060000000000009F330360D0C89F34034203009F3501229F1E086D665F36306220208407A00000000410109F090200029F4104000000019F12104465626974204D61737465726361726450104465626974204D61737465726361726457105129670200667314D28121260015150F
PIN length:4
PIN Ciphertext:474A4FCFD07A9EDC

[] - [] - [] Device detached: HidServicesEvent{hidDevice=HidDevice [path=\\?\hid#vid_15b0&pid_a500&mi_00#7&183ad21c&0&0000#{4d1e55b2-f16f-11cf-88cb-001111000030}, vendorId=0x15b0, productId=0xffffa500, serialNumber=00000000050C, releaseNumber=0x100, manufacturer=MoreFun, product=MoreFun, usagePage=0x1, usage=0x0, interfaceNumber=0]}
[] - [] - [] Starting MfMp63WebApplication using Java 11.0.29 on MI-20151052625 with PID 20740 (D:\addlnUtils\mf-pos-impl\morefun-pos-implementation\build\classes\java\main started by Raghavendra in D:\addlnUtils\mf-pos-impl\morefun-pos-implementation)
[] - [] - [] No active profile set, falling back to 1 default profile: "default"
[] - [] - [] Tomcat initialized with port(s): 8897 (http)
[] - [] - [] Initializing ProtocolHandler ["http-nio-8897"]
[] - [] - [] Starting service [Tomcat]
[] - [] - [] Starting Servlet engine: [Apache Tomcat/9.0.71]
[] - [] - [] Initializing Spring embedded WebApplicationContext
[] - [] - [] Root WebApplicationContext: initialization completed in 2715 ms
[] - [] - [] Exposing 14 endpoint(s) beneath base path '/actuator'
[] - [] - [] Starting ProtocolHandler ["http-nio-8897"]
[] - [] - [] Tomcat started on port(s): 8897 (http) with context path '/mp63'
[] - [] - [] Started MfMp63WebApplication in 5.275 seconds (JVM running for 6.008)
[] - [] - [] Initializing Spring DispatcherServlet 'dispatcherServlet'
[] - [] - [] Initializing Servlet 'dispatcherServlet'
[] - [] - [] Completed initialization in 1 ms
[] - [] - [] Initiating Card Transaction
[] - [] - [] keyIndexResp : Set key index success
[] - [] - [] loadDtmkResp : true
[] - [] - [] loadTmkResp : true
[] - [] - [] loadWorkekyResp : true
[] - [] - [] Card result : Communication results:NOERROR
Card type:2
Explanation by card type:Insert card
Whether FallBack:No
Main account:5129670200667314
Card validity:2812
Service code:126
Track 2 length:31
Track 2 message:5129670200667314D28121260015150F
Track 3 length:0
Track 3 message:null
Random data:ðµUÑAA
Card serial No.:00
IC card data:9F02060000000055009F2608A0C869BC19D539939F2701809F10120110A04001220400000000000000000000FF9F37042BF3FDCD9F36020123950500000480009A032602049C01005F2A020356820239009F1A0203569F03060000000000009F330360D0C89F34034203009F3501229F1E086D665F36306220208407A00000000410109F090200029F4104000000019F12104465626974204D61737465726361726450104465626974204D61737465726361726457105129670200667314D28121260015150F
PIN length:4
PIN Ciphertext:1D03EE45345DA91B

[] - [] - [] Completing Transaction
[] - [] - [] final responseChipData data : [9F270180950580800400009F2608CEC68F941554F38C9F02060000000000009F0306000000000000820238009F3602000A9F1A0203565F2A0203569A032410289C01319F3704B66937409F100706011203A0B8009F1E0836513230313636349F33036040009F350231319F0904303039369F34063432303330308407A00000000310105F34023030911037374233443942443030383030303030]
[] - [] - [] setting EMV response card data...
[] - [] - [] Transaction approved online
[] - [] - [] response code : 0
[] - [] - [] authData : 9F270180950580800400009F2608CEC68F941554F38C9F02060000000000009F0306000000000000820238009F3602000A9F1A0203565F2A0203569A032410289C01319F3704B66937409F100706011203A0B8009F1E0836513230313636349F33036040009F350231319F0904303039369F34063432303330308407A00000000310105F34023030911037374233443942443030383030303030
[] - [] - [] Initiating Card Transaction
[] - [] - [] keyIndexResp : Set key index success
[] - [] - [] loadDtmkResp : true
[] - [] - [] loadTmkResp : true
[] - [] - [] loadWorkekyResp : true
[] - [] - [] Card result : Communication results:NOERROR
Card type:6
Explanation by card type:Error
Whether FallBack:No
Main account:null
Card validity:null
Service code:null
Track 2 length:0
Track 2 message:null
Track 3 length:0
Track 3 message:null
Random data:D’PF`"ä2
Card serial No.:null
IC card data:null
PIN length:0
PIN Ciphertext:null

[] - [] - [] Completing Transaction
[] - [] - [] final responseChipData data : [9F270180950580800400009F2608CEC68F941554F38C9F02060000000000009F0306000000000000820238009F3602000A9F1A0203565F2A0203569A032410289C01319F3704B66937409F100706011203A0B8009F1E0836513230313636349F33036040009F350231319F0904303039369F34063432303330308407A00000000310105F34023030911037374233443942443030383030303030]
[] - [] - [] setting EMV response card data...
[] - [] - [] Transaction approved online
[] - [] - [] response code : 0
[] - [] - [] authData : 9F270180950580800400009F2608CEC68F941554F38C9F02060000000000009F0306000000000000820238009F3602000A9F1A0203565F2A0203569A032410289C01319F3704B66937409F100706011203A0B8009F1E0836513230313636349F33036040009F350231319F0904303039369F34063432303330308407A00000000310105F34023030911037374233443942443030383030303030
[] - [] - [] Device detached: HidServicesEvent{hidDevice=HidDevice [path=\\?\hid#vid_15b0&pid_a500&mi_00#7&183ad21c&0&0000#{4d1e55b2-f16f-11cf-88cb-001111000030}, vendorId=0x15b0, productId=0xffffa500, serialNumber=00000000050C, releaseNumber=0x100, manufacturer=MoreFun, product=MoreFun, usagePage=0x1, usage=0x0, interfaceNumber=0]}
[] - [] - [] Initiating Card Transaction
[] - [] - [] keyIndexResp : Set key index success
[] - [] - [] loadDtmkResp : false
